#
# There is insufficient memory for the Java Runtime Environment to continue.
# Native memory allocation (malloc) failed to allocate 5343128 bytes. Error detail: Chunk::new
# Possible reasons:
#   The system is out of physical RAM or swap space
#   This process is running with CompressedOops enabled, and the Java Heap may be blocking the growth of the native heap
# Possible solutions:
#   Reduce memory load on the system
#   Increase physical memory or swap space
#   Check if swap backing store is full
#   Decrease Java heap size (-Xmx/-Xms)
#   Decrease number of Java threads
#   Decrease Java thread stack sizes (-Xss)
#   Set larger code cache with -XX:ReservedCodeCacheSize=
#   JVM is running with Unscaled Compressed Oops mode in which the Java heap is
#     placed in the first 4GB address space. The Java Heap base address is the
#     maximum limit for the native heap growth. Please use -XX:HeapBaseMinAddress
#     to set the Java Heap base and to place the Java Heap above 4GB virtual address.
# This output file may be truncated or incomplete.
#
#  Out of Memory Error (arena.cpp:186), pid=40020, tid=17848
#
# JRE version: OpenJDK Runtime Environment Temurin-25.0.2+10 (25.0.2+10) (build 25.0.2+10-LTS)
# Java VM: OpenJDK 64-Bit Server VM Temurin-25.0.2+10 (25.0.2+10-LTS, mixed mode, sharing, tiered, compressed oops, compressed class ptrs, g1 gc, windows-amd64)
# No core dump will be written. Minidumps are not enabled by default on client versions of Windows
#

---------------  S U M M A R Y ------------

Command Line: C:\Users\Ignacio\AppData\Local\Temp\surefire16574951747144236547\surefirebooter-20260828180445217_3.jar C:\Users\Ignacio\AppData\Local\Temp\surefire16574951747144236547 2026-08-28T18-04-44_832-jvmRun1 surefire-20260828180445217_1tmp surefire_0-20260828180445217_2tmp

Host: 11th Gen Intel(R) Core(TM) i3-1115G4 @ 3.00GHz, 4 cores, 7G,  Windows 11 , 64 bit Build 26100 (10.0.26100.9168)
Time: Fri Aug 28 18:05:36 2026 Hora estándar de Argentina elapsed time: 50.815331 seconds (0d 0h 0m 50s)

---------------  T H R E A D  ---------------

Current thread (0x0000018b342c5380):  JavaThread "C2 CompilerThread0" daemon [_thread_in_native, id=17848, stack(0x00000045d2000000,0x00000045d2100000) (1024K)]


Current CompileTask:
C2:50815 20023       4       org.springframework.boot.context.properties.source.SpringIterableConfigurationPropertySource::getConfigurationProperty (91 bytes)

Stack: [0x00000045d2000000,0x00000045d2100000]
Native frames: (J=compiled Java code, j=interpreted, Vv=VM code, C=native code)
V  [jvm.dll+0x7a8bc9]  (no source info available)
V  [jvm.dll+0x77310d]  (no source info available)
V  [jvm.dll+0x9f55f3]  (no source info available)
V  [jvm.dll+0x9f7be1]  (no source info available)
V  [jvm.dll+0x9f82f3]  (no source info available)
V  [jvm.dll+0x2fce26]  (no source info available)
V  [jvm.dll+0x111076]  (no source info available)
V  [jvm.dll+0x11139e]  (no source info available)
V  [jvm.dll+0x19fff2]  (no source info available)
V  [jvm.dll+0x3b5f62]  (no source info available)
V  [jvm.dll+0x7ae53c]  (no source info available)
V  [jvm.dll+0x2c0407]  (no source info available)
V  [jvm.dll+0x2bf3cf]  (no source info available)
V  [jvm.dll+0x237140]  (no source info available)
V  [jvm.dll+0x2cf4c6]  (no source info available)
V  [jvm.dll+0x2cd74a]  (no source info available)
V  [jvm.dll+0x48fbee]  (no source info available)
V  [jvm.dll+0x996b0d]  (no source info available)
V  [jvm.dll+0x7a71a5]  (no source info available)
C  [ucrtbase.dll+0x2cd30]  (no source info available)
C  [KERNEL32.DLL+0x2ccb7]  (no source info available)
C  [ntdll.dll+0xaad6c]  (no source info available)

Lock stack of current Java thread (top to bottom):


---------------  P R O C E S S  ---------------

Threads class SMR info:
_java_thread_list=0x0000018b42dc9210, length=17, elements={
0x0000018b157cefc0, 0x0000018b342acec0, 0x0000018b342ae5f0, 0x0000018b342b2b40,
0x0000018b342b3980, 0x0000018b342b70c0, 0x0000018b342b7db0, 0x0000018b342c5380,
0x0000018b342cebc0, 0x0000018b3434d140, 0x0000018b3434d900, 0x0000018b391a0ff0,
0x0000018b3946f480, 0x0000018b39b2adb0, 0x0000018b398be020, 0x0000018b39a2c630,
0x0000018b3cc9a080
}

Java Threads: ( => current thread )
  0x0000018b157cefc0 JavaThread "main"                              [_thread_in_vm, id=37804, stack(0x00000045d1200000,0x00000045d1300000) (1024K)]
  0x0000018b342acec0 JavaThread "Reference Handler"          daemon [_thread_blocked, id=37232, stack(0x00000045d1a00000,0x00000045d1b00000) (1024K)]
  0x0000018b342ae5f0 JavaThread "Finalizer"                  daemon [_thread_blocked, id=16556, stack(0x00000045d1b00000,0x00000045d1c00000) (1024K)]
  0x0000018b342b2b40 JavaThread "Signal Dispatcher"          daemon [_thread_blocked, id=38928, stack(0x00000045d1c00000,0x00000045d1d00000) (1024K)]
  0x0000018b342b3980 JavaThread "Attach Listener"            daemon [_thread_blocked, id=43140, stack(0x00000045d1d00000,0x00000045d1e00000) (1024K)]
  0x0000018b342b70c0 JavaThread "Service Thread"             daemon [_thread_blocked, id=37284, stack(0x00000045d1e00000,0x00000045d1f00000) (1024K)]
  0x0000018b342b7db0 JavaThread "Monitor Deflation Thread"   daemon [_thread_blocked, id=45568, stack(0x00000045d1f00000,0x00000045d2000000) (1024K)]
=>0x0000018b342c5380 JavaThread "C2 CompilerThread0"         daemon [_thread_in_native, id=17848, stack(0x00000045d2000000,0x00000045d2100000) (1024K)]
  0x0000018b342cebc0 JavaThread "C1 CompilerThread0"         daemon [_thread_blocked, id=42868, stack(0x00000045d2100000,0x00000045d2200000) (1024K)]
  0x0000018b3434d140 JavaThread "Notification Thread"        daemon [_thread_blocked, id=13716, stack(0x00000045d2200000,0x00000045d2300000) (1024K)]
  0x0000018b3434d900 JavaThread "Common-Cleaner"             daemon [_thread_blocked, id=43232, stack(0x00000045d2300000,0x00000045d2400000) (1024K)]
  0x0000018b391a0ff0 JavaThread "surefire-forkedjvm-stream-flusher" daemon [_thread_blocked, id=17928, stack(0x00000045d2400000,0x00000045d2500000) (1024K)]
  0x0000018b3946f480 JavaThread "surefire-forkedjvm-command-thread" daemon [_thread_in_native, id=33820, stack(0x00000045d2500000,0x00000045d2600000) (1024K)]
  0x0000018b39b2adb0 JavaThread "Cleaner-0"                  daemon [_thread_blocked, id=31140, stack(0x00000045d2a00000,0x00000045d2b00000) (1024K)]
  0x0000018b398be020 JavaThread "HikariPool-1:housekeeper"   daemon [_thread_blocked, id=15508, stack(0x00000045d2b00000,0x00000045d2c00000) (1024K)]
  0x0000018b39a2c630 JavaThread "HikariPool-2:housekeeper"   daemon [_thread_blocked, id=44620, stack(0x00000045d2e00000,0x00000045d2f00000) (1024K)]
  0x0000018b3cc9a080 JavaThread "C2 CompilerThread1"         daemon [_thread_in_native, id=37812, stack(0x00000045d0f00000,0x00000045d1000000) (1024K)]
Total: 17

Other Threads:
  0x0000018b3429c960 VMThread "VM Thread"                           [id=2428, stack(0x00000045d1900000,0x00000045d1a00000) (1024K)]
  0x0000018b34286690 WatcherThread "VM Periodic Task Thread"        [id=7928, stack(0x00000045d1800000,0x00000045d1900000) (1024K)]
  0x0000018b17c8a340 WorkerThread "GC Thread#0"                     [id=41568, stack(0x00000045d1300000,0x00000045d1400000) (1024K)]
  0x0000018b39ba6650 WorkerThread "GC Thread#1"                     [id=23620, stack(0x00000045d2600000,0x00000045d2700000) (1024K)]
  0x0000018b39ba6a80 WorkerThread "GC Thread#2"                     [id=32260, stack(0x00000045d2700000,0x00000045d2800000) (1024K)]
  0x0000018b39ce5eb0 WorkerThread "GC Thread#3"                     [id=44384, stack(0x00000045d2800000,0x00000045d2900000) (1024K)]
  0x0000018b17ca4050 ConcurrentGCThread "G1 Main Marker"            [id=43584, stack(0x00000045d1400000,0x00000045d1500000) (1024K)]
  0x0000018b17ca4bf0 WorkerThread "G1 Conc#0"                       [id=14552, stack(0x00000045d1500000,0x00000045d1600000) (1024K)]
  0x0000018b17cde0f0 ConcurrentGCThread "G1 Refine#0"               [id=43540, stack(0x00000045d1600000,0x00000045d1700000) (1024K)]
  0x0000018b17cde9b0 ConcurrentGCThread "G1 Service"                [id=45308, stack(0x00000045d1700000,0x00000045d1800000) (1024K)]
Total: 10

Threads with active compile tasks:
C2 CompilerThread0  51007 20023       4       org.springframework.boot.context.properties.source.SpringIterableConfigurationPropertySource::getConfigurationProperty (91 bytes)
C2 CompilerThread1  51007 20184   !   4       org.springframework.beans.factory.support.DefaultListableBeanFactory::doGetBeanNamesForType (527 bytes)
Total: 2

VM state: not at safepoint (normal execution)

VM Mutex/Monitor currently owned by a thread: None

Heap address: 0x0000000083600000, size: 1994 MB, Compressed Oops mode: 32-bit

CDS archive(s) mapped at: [0x0000000024000000-0x0000000024dd0000-0x0000000024dd0000), size 14483456, SharedBaseAddress: 0x0000000024000000, ArchiveRelocationMode: 1.
Compressed class space mapped at: 0x0000000025000000-0x0000000065000000, reserved size: 1073741824
UseCompressedClassPointers 1, UseCompactObjectHeaders 0
Narrow klass pointer bits 32, Max shift 3
Narrow klass base: 0x0000000024000000, Narrow klass shift: 0
Encoding Range: [0x0000000024000000 - 0x0000000124000000), (4294967296 bytes)
Klass Range:    [0x0000000024010000 - 0x0000000065000000), (1090453504 bytes)
Klass ID Range:  [65536 - 1090519033) (1090453497)
Protection zone: [0x0000000024000000 - 0x0000000024010000), (65536 bytes)

GC Precious Log:
 CardTable entry size: 512
 Card Set container configuration: InlinePtr #cards 5 size 8 Array Of Cards #cards 10 size 36 Howl #buckets 4 coarsen threshold 1843 Howl Bitmap #cards 512 size 80 coarsen threshold 460 Card regions per heap region 1 cards per card region 2048
 CPUs: 4 total, 4 available
 Memory: 7975M
 Large Page Support: Disabled
 NUMA Support: Disabled
 Compressed Oops: Enabled (32-bit)
 Heap Region Size: 1M
 Heap Min Capacity: 8M
 Heap Initial Capacity: 126M
 Heap Max Capacity: 1994M
 Pre-touch: Disabled
 Parallel Workers: 4
 Concurrent Workers: 1
 Concurrent Refinement Workers: 4
 Periodic GC: Disabled

Heap:
 garbage-first heap   total reserved 2041856K, committed 413696K, used 245083K [0x0000000083600000, 0x0000000100000000)
  region size 1024K, 143 young (146432K), 28 survivors (28672K)

Heap Regions: E=young(eden), S=young(survivor), O=old, HS=humongous(starts), HC=humongous(continues), CS=collection set, F=free, TAMS=top-at-mark-start, PB=parsable bottom
|   0|0x0000000083600000, 0x0000000083700000, 0x0000000083700000|100%|HS|  |TAMS 0x0000000083600000| PB 0x0000000083600000| Complete |  0
|   1|0x0000000083700000, 0x0000000083800000, 0x0000000083800000|100%| O|  |TAMS 0x0000000083700000| PB 0x0000000083700000| Untracked |  0
|   2|0x0000000083800000, 0x0000000083900000, 0x0000000083900000|100%| O|  |TAMS 0x0000000083800000| PB 0x0000000083800000| Untracked |  0
|   3|0x0000000083900000, 0x0000000083a00000, 0x0000000083a00000|100%| O|  |TAMS 0x0000000083900000| PB 0x0000000083900000| Untracked |  0
|   4|0x0000000083a00000, 0x0000000083b00000, 0x0000000083b00000|100%| O|  |TAMS 0x0000000083a00000| PB 0x0000000083a00000| Untracked |  0
|   5|0x0000000083b00000, 0x0000000083c00000, 0x0000000083c00000|100%| O|  |TAMS 0x0000000083b00000| PB 0x0000000083b00000| Untracked |  0
|   6|0x0000000083c00000, 0x0000000083d00000, 0x0000000083d00000|100%| O|  |TAMS 0x0000000083c00000| PB 0x0000000083c00000| Untracked |  0
|   7|0x0000000083d00000, 0x0000000083e00000, 0x0000000083e00000|100%| O|  |TAMS 0x0000000083d00000| PB 0x0000000083d00000| Untracked |  0
|   8|0x0000000083e00000, 0x0000000083f00000, 0x0000000083f00000|100%| O|  |TAMS 0x0000000083e00000| PB 0x0000000083e00000| Untracked |  0
|   9|0x0000000083f00000, 0x0000000084000000, 0x0000000084000000|100%| O|Cm|TAMS 0x0000000083f00000| PB 0x0000000083f00000| Complete |  0
|  10|0x0000000084000000, 0x0000000084100000, 0x0000000084100000|100%| O|  |TAMS 0x0000000084000000| PB 0x0000000084000000| Untracked |  0
|  11|0x0000000084100000, 0x0000000084200000, 0x0000000084200000|100%| O|  |TAMS 0x0000000084100000| PB 0x0000000084100000| Untracked |  0
|  12|0x0000000084200000, 0x0000000084300000, 0x0000000084300000|100%| O|  |TAMS 0x0000000084200000| PB 0x0000000084200000| Untracked |  0
|  13|0x0000000084300000, 0x0000000084400000, 0x0000000084400000|100%| O|  |TAMS 0x0000000084300000| PB 0x0000000084300000| Untracked |  0
|  14|0x0000000084400000, 0x0000000084500000, 0x0000000084500000|100%| O|  |TAMS 0x0000000084400000| PB 0x0000000084400000| Untracked |  0
|  15|0x0000000084500000, 0x0000000084600000, 0x0000000084600000|100%| O|  |TAMS 0x0000000084500000| PB 0x0000000084500000| Untracked |  0
|  16|0x0000000084600000, 0x0000000084700000, 0x0000000084700000|100%| O|  |TAMS 0x0000000084600000| PB 0x0000000084600000| Untracked |  0
|  17|0x0000000084700000, 0x0000000084800000, 0x0000000084800000|100%| O|  |TAMS 0x0000000084700000| PB 0x0000000084700000| Untracked |  0
|  18|0x0000000084800000, 0x0000000084900000, 0x0000000084900000|100%| O|  |TAMS 0x0000000084800000| PB 0x0000000084800000| Untracked |  0
|  19|0x0000000084900000, 0x0000000084a00000, 0x0000000084a00000|100%| O|  |TAMS 0x0000000084900000| PB 0x0000000084900000| Untracked |  0
|  20|0x0000000084a00000, 0x0000000084b00000, 0x0000000084b00000|100%| O|  |TAMS 0x0000000084a00000| PB 0x0000000084a00000| Untracked |  0
|  21|0x0000000084b00000, 0x0000000084c00000, 0x0000000084c00000|100%| O|  |TAMS 0x0000000084b00000| PB 0x0000000084b00000| Untracked |  0
|  22|0x0000000084c00000, 0x0000000084d00000, 0x0000000084d00000|100%| O|  |TAMS 0x0000000084c00000| PB 0x0000000084c00000| Untracked |  0
|  23|0x0000000084d00000, 0x0000000084e00000, 0x0000000084e00000|100%| O|  |TAMS 0x0000000084d00000| PB 0x0000000084d00000| Untracked |  0
|  24|0x0000000084e00000, 0x0000000084f00000, 0x0000000084f00000|100%| O|  |TAMS 0x0000000084e00000| PB 0x0000000084e00000| Untracked |  0
|  25|0x0000000084f00000, 0x0000000085000000, 0x0000000085000000|100%| O|  |TAMS 0x0000000084f00000| PB 0x0000000084f00000| Untracked |  0
|  26|0x0000000085000000, 0x0000000085100000, 0x0000000085100000|100%| O|  |TAMS 0x0000000085000000| PB 0x0000000085000000| Untracked |  0
|  27|0x0000000085100000, 0x0000000085200000, 0x0000000085200000|100%| O|  |TAMS 0x0000000085100000| PB 0x0000000085100000| Untracked |  0
|  28|0x0000000085200000, 0x0000000085300000, 0x0000000085300000|100%| O|  |TAMS 0x0000000085200000| PB 0x0000000085200000| Untracked |  0
|  29|0x0000000085300000, 0x0000000085400000, 0x0000000085400000|100%| O|  |TAMS 0x0000000085300000| PB 0x0000000085300000| Untracked |  0
|  30|0x0000000085400000, 0x0000000085500000, 0x0000000085500000|100%| O|  |TAMS 0x0000000085400000| PB 0x0000000085400000| Untracked |  0
|  31|0x0000000085500000, 0x0000000085600000, 0x0000000085600000|100%| O|  |TAMS 0x0000000085500000| PB 0x0000000085500000| Untracked |  0
|  32|0x0000000085600000, 0x0000000085700000, 0x0000000085700000|100%| O|  |TAMS 0x0000000085600000| PB 0x0000000085600000| Untracked |  0
|  33|0x0000000085700000, 0x0000000085800000, 0x0000000085800000|100%| O|  |TAMS 0x0000000085700000| PB 0x0000000085700000| Untracked |  0
|  34|0x0000000085800000, 0x0000000085900000, 0x0000000085900000|100%| O|  |TAMS 0x0000000085800000| PB 0x0000000085800000| Untracked |  0
|  35|0x0000000085900000, 0x0000000085a00000, 0x0000000085a00000|100%| O|  |TAMS 0x0000000085900000| PB 0x0000000085900000| Untracked |  0
|  36|0x0000000085a00000, 0x0000000085b00000, 0x0000000085b00000|100%| O|  |TAMS 0x0000000085a00000| PB 0x0000000085a00000| Untracked |  0
|  37|0x0000000085b00000, 0x0000000085c00000, 0x0000000085c00000|100%| O|  |TAMS 0x0000000085b00000| PB 0x0000000085b00000| Untracked |  0
|  38|0x0000000085c00000, 0x0000000085d00000, 0x0000000085d00000|100%| O|  |TAMS 0x0000000085c00000| PB 0x0000000085c00000| Untracked |  0
|  39|0x0000000085d00000, 0x0000000085e00000, 0x0000000085e00000|100%| O|  |TAMS 0x0000000085d00000| PB 0x0000000085d00000| Untracked |  0
|  40|0x0000000085e00000, 0x0000000085f00000, 0x0000000085f00000|100%| O|  |TAMS 0x0000000085e00000| PB 0x0000000085e00000| Untracked |  0
|  41|0x0000000085f00000, 0x0000000086000000, 0x0000000086000000|100%| O|  |TAMS 0x0000000085f00000| PB 0x0000000085f00000| Untracked |  0
|  42|0x0000000086000000, 0x0000000086100000, 0x0000000086100000|100%| O|  |TAMS 0x0000000086000000| PB 0x0000000086000000| Untracked |  0
|  43|0x0000000086100000, 0x0000000086200000, 0x0000000086200000|100%| O|  |TAMS 0x0000000086100000| PB 0x0000000086100000| Untracked |  0
|  44|0x0000000086200000, 0x0000000086300000, 0x0000000086300000|100%| O|  |TAMS 0x0000000086200000| PB 0x0000000086200000| Untracked |  0
|  45|0x0000000086300000, 0x0000000086400000, 0x0000000086400000|100%| O|  |TAMS 0x0000000086300000| PB 0x0000000086300000| Untracked |  0
|  46|0x0000000086400000, 0x0000000086500000, 0x0000000086500000|100%| O|  |TAMS 0x0000000086400000| PB 0x0000000086400000| Untracked |  0
|  47|0x0000000086500000, 0x0000000086600000, 0x0000000086600000|100%| O|  |TAMS 0x0000000086500000| PB 0x0000000086500000| Untracked |  0
|  48|0x0000000086600000, 0x0000000086700000, 0x0000000086700000|100%| O|  |TAMS 0x0000000086600000| PB 0x0000000086600000| Untracked |  0
|  49|0x0000000086700000, 0x0000000086800000, 0x0000000086800000|100%| O|Cm|TAMS 0x0000000086700000| PB 0x0000000086700000| Complete |  0
|  50|0x0000000086800000, 0x0000000086900000, 0x0000000086900000|100%| O|  |TAMS 0x0000000086800000| PB 0x0000000086800000| Untracked |  0
|  51|0x0000000086900000, 0x0000000086a00000, 0x0000000086a00000|100%| O|Cm|TAMS 0x0000000086900000| PB 0x0000000086900000| Complete |  0
|  52|0x0000000086a00000, 0x0000000086b00000, 0x0000000086b00000|100%| O|  |TAMS 0x0000000086a00000| PB 0x0000000086a00000| Untracked |  0
|  53|0x0000000086b00000, 0x0000000086c00000, 0x0000000086c00000|100%| O|  |TAMS 0x0000000086b00000| PB 0x0000000086b00000| Untracked |  0
|  54|0x0000000086c00000, 0x0000000086d00000, 0x0000000086d00000|100%| O|  |TAMS 0x0000000086c00000| PB 0x0000000086c00000| Untracked |  0
|  55|0x0000000086d00000, 0x0000000086e00000, 0x0000000086e00000|100%| O|  |TAMS 0x0000000086d00000| PB 0x0000000086d00000| Untracked |  0
|  56|0x0000000086e00000, 0x0000000086f00000, 0x0000000086f00000|100%| O|  |TAMS 0x0000000086e00000| PB 0x0000000086e00000| Untracked |  0
|  57|0x0000000086f00000, 0x0000000087000000, 0x0000000087000000|100%| O|  |TAMS 0x0000000086f00000| PB 0x0000000086f00000| Untracked |  0
|  58|0x0000000087000000, 0x0000000087100000, 0x0000000087100000|100%| O|Cm|TAMS 0x0000000087000000| PB 0x0000000087000000| Complete |  0
|  59|0x0000000087100000, 0x0000000087200000, 0x0000000087200000|100%| O|  |TAMS 0x0000000087100000| PB 0x0000000087100000| Untracked |  0
|  60|0x0000000087200000, 0x0000000087300000, 0x0000000087300000|100%| O|  |TAMS 0x0000000087200000| PB 0x0000000087200000| Untracked |  0
|  61|0x0000000087300000, 0x0000000087400000, 0x0000000087400000|100%| O|  |TAMS 0x0000000087300000| PB 0x0000000087300000| Untracked |  0
|  62|0x0000000087400000, 0x0000000087500000, 0x0000000087500000|100%| O|  |TAMS 0x0000000087400000| PB 0x0000000087400000| Untracked |  0
|  63|0x0000000087500000, 0x0000000087600000, 0x0000000087600000|100%| O|  |TAMS 0x0000000087500000| PB 0x0000000087500000| Untracked |  0
|  64|0x0000000087600000, 0x0000000087700000, 0x0000000087700000|100%| O|Cm|TAMS 0x0000000087600000| PB 0x0000000087600000| Complete |  0
|  65|0x0000000087700000, 0x0000000087800000, 0x0000000087800000|100%| O|Cm|TAMS 0x0000000087700000| PB 0x0000000087700000| Complete |  0
|  66|0x0000000087800000, 0x0000000087900000, 0x0000000087900000|100%| O|  |TAMS 0x0000000087800000| PB 0x0000000087800000| Untracked |  0
|  67|0x0000000087900000, 0x0000000087a00000, 0x0000000087a00000|100%| O|Cm|TAMS 0x0000000087900000| PB 0x0000000087900000| Complete |  0
|  68|0x0000000087a00000, 0x0000000087b00000, 0x0000000087b00000|100%| O|  |TAMS 0x0000000087a00000| PB 0x0000000087a00000| Untracked |  0
|  69|0x0000000087b00000, 0x0000000087c00000, 0x0000000087c00000|100%| O|  |TAMS 0x0000000087b00000| PB 0x0000000087b00000| Untracked |  0
|  70|0x0000000087c00000, 0x0000000087d00000, 0x0000000087d00000|100%| O|  |TAMS 0x0000000087c00000| PB 0x0000000087c00000| Untracked |  0
|  71|0x0000000087d00000, 0x0000000087e00000, 0x0000000087e00000|100%| O|  |TAMS 0x0000000087d00000| PB 0x0000000087d00000| Untracked |  0
|  72|0x0000000087e00000, 0x0000000087f00000, 0x0000000087f00000|100%| O|  |TAMS 0x0000000087e00000| PB 0x0000000087e00000| Untracked |  0
|  73|0x0000000087f00000, 0x0000000088000000, 0x0000000088000000|100%| O|Cm|TAMS 0x0000000087f00000| PB 0x0000000087f00000| Complete |  0
|  74|0x0000000088000000, 0x0000000088100000, 0x0000000088100000|100%| O|  |TAMS 0x0000000088000000| PB 0x0000000088000000| Untracked |  0
|  75|0x0000000088100000, 0x00000000881d6cb0, 0x0000000088200000| 83%| O|  |TAMS 0x0000000088100000| PB 0x0000000088100000| Untracked |  0
|  76|0x0000000088200000, 0x0000000088300000, 0x0000000088300000|100%| O|Cm|TAMS 0x0000000088200000| PB 0x0000000088200000| Complete |  0
|  77|0x0000000088300000, 0x0000000088400000, 0x0000000088400000|100%| O|  |TAMS 0x0000000088300000| PB 0x0000000088300000| Untracked |  0
|  78|0x0000000088400000, 0x0000000088500000, 0x0000000088500000|100%| O|Cm|TAMS 0x0000000088400000| PB 0x0000000088400000| Complete |  0
|  79|0x0000000088500000, 0x0000000088500000, 0x0000000088600000|  0%| F|  |TAMS 0x0000000088500000| PB 0x0000000088500000| Untracked |  0
|  80|0x0000000088600000, 0x0000000088600000, 0x0000000088700000|  0%| F|  |TAMS 0x0000000088600000| PB 0x0000000088600000| Untracked |  0
|  81|0x0000000088700000, 0x0000000088700000, 0x0000000088800000|  0%| F|  |TAMS 0x0000000088700000| PB 0x0000000088700000| Untracked |  0
|  82|0x0000000088800000, 0x0000000088900000, 0x0000000088900000|100%| O|Cm|TAMS 0x0000000088800000| PB 0x0000000088800000| Complete |  0
|  83|0x0000000088900000, 0x0000000088a00000, 0x0000000088a00000|100%| O|Cm|TAMS 0x0000000088900000| PB 0x0000000088900000| Complete |  0
|  84|0x0000000088a00000, 0x0000000088a00000, 0x0000000088b00000|  0%| F|  |TAMS 0x0000000088a00000| PB 0x0000000088a00000| Untracked |  0
|  85|0x0000000088b00000, 0x0000000088b00000, 0x0000000088c00000|  0%| F|  |TAMS 0x0000000088b00000| PB 0x0000000088b00000| Untracked |  0
|  86|0x0000000088c00000, 0x0000000088c00000, 0x0000000088d00000|  0%| F|  |TAMS 0x0000000088c00000| PB 0x0000000088c00000| Untracked |  0
|  87|0x0000000088d00000, 0x0000000088d00000, 0x0000000088e00000|  0%| F|  |TAMS 0x0000000088d00000| PB 0x0000000088d00000| Untracked |  0
|  88|0x0000000088e00000, 0x0000000088e00000, 0x0000000088f00000|  0%| F|  |TAMS 0x0000000088e00000| PB 0x0000000088e00000| Untracked |  0
|  89|0x0000000088f00000, 0x0000000089000000, 0x0000000089000000|100%| O|Cm|TAMS 0x0000000088f00000| PB 0x0000000088f00000| Complete |  0
|  90|0x0000000089000000, 0x0000000089100000, 0x0000000089100000|100%| O|  |TAMS 0x0000000089000000| PB 0x0000000089000000| Untracked |  0
|  91|0x0000000089100000, 0x0000000089200000, 0x0000000089200000|100%| O|  |TAMS 0x0000000089100000| PB 0x0000000089100000| Untracked |  0
|  92|0x0000000089200000, 0x0000000089300000, 0x0000000089300000|100%| O|  |TAMS 0x0000000089200000| PB 0x0000000089200000| Untracked |  0
|  93|0x0000000089300000, 0x0000000089400000, 0x0000000089400000|100%| O|  |TAMS 0x0000000089300000| PB 0x0000000089300000| Untracked |  0
|  94|0x0000000089400000, 0x0000000089400000, 0x0000000089500000|  0%| F|  |TAMS 0x0000000089400000| PB 0x0000000089400000| Untracked |  0
|  95|0x0000000089500000, 0x0000000089600000, 0x0000000089600000|100%| O|  |TAMS 0x0000000089500000| PB 0x0000000089500000| Untracked |  0
|  96|0x0000000089600000, 0x0000000089700000, 0x0000000089700000|100%| O|  |TAMS 0x0000000089600000| PB 0x0000000089600000| Untracked |  0
|  97|0x0000000089700000, 0x0000000089800000, 0x0000000089800000|100%| O|  |TAMS 0x0000000089700000| PB 0x0000000089700000| Untracked |  0
|  98|0x0000000089800000, 0x0000000089900000, 0x0000000089900000|100%| O|  |TAMS 0x0000000089800000| PB 0x0000000089800000| Untracked |  0
|  99|0x0000000089900000, 0x0000000089a00000, 0x0000000089a00000|100%| O|  |TAMS 0x0000000089900000| PB 0x0000000089900000| Untracked |  0
| 100|0x0000000089a00000, 0x0000000089b00000, 0x0000000089b00000|100%| O|Cm|TAMS 0x0000000089a00000| PB 0x0000000089a00000| Complete |  0
| 101|0x0000000089b00000, 0x0000000089b00000, 0x0000000089c00000|  0%| F|  |TAMS 0x0000000089b00000| PB 0x0000000089b00000| Untracked |  0
| 102|0x0000000089c00000, 0x0000000089c00000, 0x0000000089d00000|  0%| F|  |TAMS 0x0000000089c00000| PB 0x0000000089c00000| Untracked |  0
| 103|0x0000000089d00000, 0x0000000089d00000, 0x0000000089e00000|  0%| F|  |TAMS 0x0000000089d00000| PB 0x0000000089d00000| Untracked |  0
| 104|0x0000000089e00000, 0x0000000089e00000, 0x0000000089f00000|  0%| F|  |TAMS 0x0000000089e00000| PB 0x0000000089e00000| Untracked |  0
| 105|0x0000000089f00000, 0x0000000089f00000, 0x000000008a000000|  0%| F|  |TAMS 0x0000000089f00000| PB 0x0000000089f00000| Untracked |  0
| 106|0x000000008a000000, 0x000000008a000000, 0x000000008a100000|  0%| F|  |TAMS 0x000000008a000000| PB 0x000000008a000000| Untracked |  0
| 107|0x000000008a100000, 0x000000008a100000, 0x000000008a200000|  0%| F|  |TAMS 0x000000008a100000| PB 0x000000008a100000| Untracked |  0
| 108|0x000000008a200000, 0x000000008a200000, 0x000000008a300000|  0%| F|  |TAMS 0x000000008a200000| PB 0x000000008a200000| Untracked |  0
| 109|0x000000008a300000, 0x000000008a300000, 0x000000008a400000|  0%| F|  |TAMS 0x000000008a300000| PB 0x000000008a300000| Untracked |  0
| 110|0x000000008a400000, 0x000000008a400000, 0x000000008a500000|  0%| F|  |TAMS 0x000000008a400000| PB 0x000000008a400000| Untracked |  0
| 111|0x000000008a500000, 0x000000008a500000, 0x000000008a600000|  0%| F|  |TAMS 0x000000008a500000| PB 0x000000008a500000| Untracked |  0
| 112|0x000000008a600000, 0x000000008a600000, 0x000000008a700000|  0%| F|  |TAMS 0x000000008a600000| PB 0x000000008a600000| Untracked |  0
| 113|0x000000008a700000, 0x000000008a700000, 0x000000008a800000|  0%| F|  |TAMS 0x000000008a700000| PB 0x000000008a700000| Untracked |  0
| 114|0x000000008a800000, 0x000000008a800000, 0x000000008a900000|  0%| F|  |TAMS 0x000000008a800000| PB 0x000000008a800000| Untracked |  0
| 115|0x000000008a900000, 0x000000008a900000, 0x000000008aa00000|  0%| F|  |TAMS 0x000000008a900000| PB 0x000000008a900000| Untracked |  0
| 116|0x000000008aa00000, 0x000000008ab00000, 0x000000008ab00000|100%| O|Cm|TAMS 0x000000008aa00000| PB 0x000000008aa00000| Complete |  0
| 117|0x000000008ab00000, 0x000000008ac00000, 0x000000008ac00000|100%| O|Cm|TAMS 0x000000008ab00000| PB 0x000000008ab00000| Complete |  0
| 118|0x000000008ac00000, 0x000000008ac80000, 0x000000008ad00000| 50%| O|Cm|TAMS 0x000000008ac00000| PB 0x000000008ac00000| Complete |  0
| 119|0x000000008ad00000, 0x000000008ad00000, 0x000000008ae00000|  0%| F|  |TAMS 0x000000008ad00000| PB 0x000000008ad00000| Untracked |  0
| 120|0x000000008ae00000, 0x000000008ae00000, 0x000000008af00000|  0%| F|  |TAMS 0x000000008ae00000| PB 0x000000008ae00000| Untracked |  0
| 121|0x000000008af00000, 0x000000008af00000, 0x000000008b000000|  0%| F|  |TAMS 0x000000008af00000| PB 0x000000008af00000| Untracked |  0
| 122|0x000000008b000000, 0x000000008b000000, 0x000000008b100000|  0%| F|  |TAMS 0x000000008b000000| PB 0x000000008b000000| Untracked |  0
| 123|0x000000008b100000, 0x000000008b100000, 0x000000008b200000|  0%| F|  |TAMS 0x000000008b100000| PB 0x000000008b100000| Untracked |  0
| 124|0x000000008b200000, 0x000000008b200000, 0x000000008b300000|  0%| F|  |TAMS 0x000000008b200000| PB 0x000000008b200000| Untracked |  0
| 125|0x000000008b300000, 0x000000008b300000, 0x000000008b400000|  0%| F|  |TAMS 0x000000008b300000| PB 0x000000008b300000| Untracked |  0
| 126|0x000000008b400000, 0x000000008b400000, 0x000000008b500000|  0%| F|  |TAMS 0x000000008b400000| PB 0x000000008b400000| Untracked |  0
| 127|0x000000008b500000, 0x000000008b500000, 0x000000008b600000|  0%| F|  |TAMS 0x000000008b500000| PB 0x000000008b500000| Untracked |  0
| 128|0x000000008b600000, 0x000000008b600000, 0x000000008b700000|  0%| F|  |TAMS 0x000000008b600000| PB 0x000000008b600000| Untracked |  0
| 129|0x000000008b700000, 0x000000008b700000, 0x000000008b800000|  0%| F|  |TAMS 0x000000008b700000| PB 0x000000008b700000| Untracked |  0
| 130|0x000000008b800000, 0x000000008b800000, 0x000000008b900000|  0%| F|  |TAMS 0x000000008b800000| PB 0x000000008b800000| Untracked |  0
| 131|0x000000008b900000, 0x000000008b900000, 0x000000008ba00000|  0%| F|  |TAMS 0x000000008b900000| PB 0x000000008b900000| Untracked |  0
| 132|0x000000008ba00000, 0x000000008ba00000, 0x000000008bb00000|  0%| F|  |TAMS 0x000000008ba00000| PB 0x000000008ba00000| Untracked |  0
| 133|0x000000008bb00000, 0x000000008bb00000, 0x000000008bc00000|  0%| F|  |TAMS 0x000000008bb00000| PB 0x000000008bb00000| Untracked |  0
| 134|0x000000008bc00000, 0x000000008bc00000, 0x000000008bd00000|  0%| F|  |TAMS 0x000000008bc00000| PB 0x000000008bc00000| Untracked |  0
| 135|0x000000008bd00000, 0x000000008bd00000, 0x000000008be00000|  0%| F|  |TAMS 0x000000008bd00000| PB 0x000000008bd00000| Untracked |  0
| 136|0x000000008be00000, 0x000000008be00000, 0x000000008bf00000|  0%| F|  |TAMS 0x000000008be00000| PB 0x000000008be00000| Untracked |  0
| 137|0x000000008bf00000, 0x000000008bf00000, 0x000000008c000000|  0%| F|  |TAMS 0x000000008bf00000| PB 0x000000008bf00000| Untracked |  0
| 138|0x000000008c000000, 0x000000008c000000, 0x000000008c100000|  0%| F|  |TAMS 0x000000008c000000| PB 0x000000008c000000| Untracked |  0
| 139|0x000000008c100000, 0x000000008c100000, 0x000000008c200000|  0%| F|  |TAMS 0x000000008c100000| PB 0x000000008c100000| Untracked |  0
| 140|0x000000008c200000, 0x000000008c200000, 0x000000008c300000|  0%| F|  |TAMS 0x000000008c200000| PB 0x000000008c200000| Untracked |  0
| 141|0x000000008c300000, 0x000000008c300000, 0x000000008c400000|  0%| F|  |TAMS 0x000000008c300000| PB 0x000000008c300000| Untracked |  0
| 142|0x000000008c400000, 0x000000008c400000, 0x000000008c500000|  0%| F|  |TAMS 0x000000008c400000| PB 0x000000008c400000| Untracked |  0
| 143|0x000000008c500000, 0x000000008c500000, 0x000000008c600000|  0%| F|  |TAMS 0x000000008c500000| PB 0x000000008c500000| Untracked |  0
| 144|0x000000008c600000, 0x000000008c600000, 0x000000008c700000|  0%| F|  |TAMS 0x000000008c600000| PB 0x000000008c600000| Untracked |  0
| 145|0x000000008c700000, 0x000000008c700000, 0x000000008c800000|  0%| F|  |TAMS 0x000000008c700000| PB 0x000000008c700000| Untracked |  0
| 146|0x000000008c800000, 0x000000008c800000, 0x000000008c900000|  0%| F|  |TAMS 0x000000008c800000| PB 0x000000008c800000| Untracked |  0
| 147|0x000000008c900000, 0x000000008c900000, 0x000000008ca00000|  0%| F|  |TAMS 0x000000008c900000| PB 0x000000008c900000| Untracked |  0
| 148|0x000000008ca00000, 0x000000008ca00000, 0x000000008cb00000|  0%| F|  |TAMS 0x000000008ca00000| PB 0x000000008ca00000| Untracked |  0
| 149|0x000000008cb00000, 0x000000008cb00000, 0x000000008cc00000|  0%| F|  |TAMS 0x000000008cb00000| PB 0x000000008cb00000| Untracked |  0
| 150|0x000000008cc00000, 0x000000008cc00000, 0x000000008cd00000|  0%| F|  |TAMS 0x000000008cc00000| PB 0x000000008cc00000| Untracked |  0
| 151|0x000000008cd00000, 0x000000008cd00000, 0x000000008ce00000|  0%| F|  |TAMS 0x000000008cd00000| PB 0x000000008cd00000| Untracked |  0
| 152|0x000000008ce00000, 0x000000008ce00000, 0x000000008cf00000|  0%| F|  |TAMS 0x000000008ce00000| PB 0x000000008ce00000| Untracked |  0
| 153|0x000000008cf00000, 0x000000008cf00000, 0x000000008d000000|  0%| F|  |TAMS 0x000000008cf00000| PB 0x000000008cf00000| Untracked |  0
| 154|0x000000008d000000, 0x000000008d000000, 0x000000008d100000|  0%| F|  |TAMS 0x000000008d000000| PB 0x000000008d000000| Untracked |  0
| 155|0x000000008d100000, 0x000000008d100000, 0x000000008d200000|  0%| F|  |TAMS 0x000000008d100000| PB 0x000000008d100000| Untracked |  0
| 156|0x000000008d200000, 0x000000008d300000, 0x000000008d300000|100%| S|CS|TAMS 0x000000008d200000| PB 0x000000008d200000| Complete |  0
| 157|0x000000008d300000, 0x000000008d400000, 0x000000008d400000|100%| S|CS|TAMS 0x000000008d300000| PB 0x000000008d300000| Complete |  0
| 158|0x000000008d400000, 0x000000008d500000, 0x000000008d500000|100%| S|CS|TAMS 0x000000008d400000| PB 0x000000008d400000| Complete |  0
| 159|0x000000008d500000, 0x000000008d600000, 0x000000008d600000|100%| S|CS|TAMS 0x000000008d500000| PB 0x000000008d500000| Complete |  0
| 160|0x000000008d600000, 0x000000008d700000, 0x000000008d700000|100%| S|CS|TAMS 0x000000008d600000| PB 0x000000008d600000| Complete |  0
| 161|0x000000008d700000, 0x000000008d800000, 0x000000008d800000|100%| S|CS|TAMS 0x000000008d700000| PB 0x000000008d700000| Complete |  0
| 162|0x000000008d800000, 0x000000008d900000, 0x000000008d900000|100%| S|CS|TAMS 0x000000008d800000| PB 0x000000008d800000| Complete |  0
| 163|0x000000008d900000, 0x000000008da00000, 0x000000008da00000|100%| S|CS|TAMS 0x000000008d900000| PB 0x000000008d900000| Complete |  0
| 164|0x000000008da00000, 0x000000008db00000, 0x000000008db00000|100%| S|CS|TAMS 0x000000008da00000| PB 0x000000008da00000| Complete |  0
| 165|0x000000008db00000, 0x000000008dc00000, 0x000000008dc00000|100%| S|CS|TAMS 0x000000008db00000| PB 0x000000008db00000| Complete |  0
| 166|0x000000008dc00000, 0x000000008dd00000, 0x000000008dd00000|100%| S|CS|TAMS 0x000000008dc00000| PB 0x000000008dc00000| Complete |  0
| 167|0x000000008dd00000, 0x000000008de00000, 0x000000008de00000|100%| S|CS|TAMS 0x000000008dd00000| PB 0x000000008dd00000| Complete |  0
| 168|0x000000008de00000, 0x000000008df00000, 0x000000008df00000|100%| S|CS|TAMS 0x000000008de00000| PB 0x000000008de00000| Complete |  0
| 169|0x000000008df00000, 0x000000008e000000, 0x000000008e000000|100%| S|CS|TAMS 0x000000008df00000| PB 0x000000008df00000| Complete |  0
| 170|0x000000008e000000, 0x000000008e100000, 0x000000008e100000|100%| S|CS|TAMS 0x000000008e000000| PB 0x000000008e000000| Complete |  0
| 171|0x000000008e100000, 0x000000008e200000, 0x000000008e200000|100%| S|CS|TAMS 0x000000008e100000| PB 0x000000008e100000| Complete |  0
| 172|0x000000008e200000, 0x000000008e200000, 0x000000008e300000|  0%| F|  |TAMS 0x000000008e200000| PB 0x000000008e200000| Untracked |  0
| 173|0x000000008e300000, 0x000000008e300000, 0x000000008e400000|  0%| F|  |TAMS 0x000000008e300000| PB 0x000000008e300000| Untracked |  0
| 174|0x000000008e400000, 0x000000008e400000, 0x000000008e500000|  0%| F|  |TAMS 0x000000008e400000| PB 0x000000008e400000| Untracked |  0
| 175|0x000000008e500000, 0x000000008e500000, 0x000000008e600000|  0%| F|  |TAMS 0x000000008e500000| PB 0x000000008e500000| Untracked |  0
| 176|0x000000008e600000, 0x000000008e600000, 0x000000008e700000|  0%| F|  |TAMS 0x000000008e600000| PB 0x000000008e600000| Untracked |  0
| 177|0x000000008e700000, 0x000000008e700000, 0x000000008e800000|  0%| F|  |TAMS 0x000000008e700000| PB 0x000000008e700000| Untracked |  0
| 178|0x000000008e800000, 0x000000008e800000, 0x000000008e900000|  0%| F|  |TAMS 0x000000008e800000| PB 0x000000008e800000| Untracked |  0
| 179|0x000000008e900000, 0x000000008e900000, 0x000000008ea00000|  0%| F|  |TAMS 0x000000008e900000| PB 0x000000008e900000| Untracked |  0
| 180|0x000000008ea00000, 0x000000008ea00000, 0x000000008eb00000|  0%| F|  |TAMS 0x000000008ea00000| PB 0x000000008ea00000| Untracked |  0
| 181|0x000000008eb00000, 0x000000008ec00000, 0x000000008ec00000|100%| S|CS|TAMS 0x000000008eb00000| PB 0x000000008eb00000| Complete |  0
| 182|0x000000008ec00000, 0x000000008ed00000, 0x000000008ed00000|100%| S|CS|TAMS 0x000000008ec00000| PB 0x000000008ec00000| Complete |  0
| 183|0x000000008ed00000, 0x000000008ee00000, 0x000000008ee00000|100%| S|CS|TAMS 0x000000008ed00000| PB 0x000000008ed00000| Complete |  0
| 184|0x000000008ee00000, 0x000000008ef00000, 0x000000008ef00000|100%| S|CS|TAMS 0x000000008ee00000| PB 0x000000008ee00000| Complete |  0
| 185|0x000000008ef00000, 0x000000008f000000, 0x000000008f000000|100%| S|CS|TAMS 0x000000008ef00000| PB 0x000000008ef00000| Complete |  0
| 186|0x000000008f000000, 0x000000008f100000, 0x000000008f100000|100%| S|CS|TAMS 0x000000008f000000| PB 0x000000008f000000| Complete |  0
| 187|0x000000008f100000, 0x000000008f200000, 0x000000008f200000|100%| S|CS|TAMS 0x000000008f100000| PB 0x000000008f100000| Complete |  0
| 188|0x000000008f200000, 0x000000008f300000, 0x000000008f300000|100%| S|CS|TAMS 0x000000008f200000| PB 0x000000008f200000| Complete |  0
| 189|0x000000008f300000, 0x000000008f400000, 0x000000008f400000|100%| S|CS|TAMS 0x000000008f300000| PB 0x000000008f300000| Complete |  0
| 190|0x000000008f400000, 0x000000008f500000, 0x000000008f500000|100%| S|CS|TAMS 0x000000008f400000| PB 0x000000008f400000| Complete |  0
| 191|0x000000008f500000, 0x000000008f600000, 0x000000008f600000|100%| S|CS|TAMS 0x000000008f500000| PB 0x000000008f500000| Complete |  0
| 192|0x000000008f600000, 0x000000008f700000, 0x000000008f700000|100%| S|CS|TAMS 0x000000008f600000| PB 0x000000008f600000| Complete |  0
| 193|0x000000008f700000, 0x000000008f700000, 0x000000008f800000|  0%| F|  |TAMS 0x000000008f700000| PB 0x000000008f700000| Untracked |  0
| 194|0x000000008f800000, 0x000000008f800000, 0x000000008f900000|  0%| F|  |TAMS 0x000000008f800000| PB 0x000000008f800000| Untracked |  0
| 195|0x000000008f900000, 0x000000008f900000, 0x000000008fa00000|  0%| F|  |TAMS 0x000000008f900000| PB 0x000000008f900000| Untracked |  0
| 196|0x000000008fa00000, 0x000000008fa00000, 0x000000008fb00000|  0%| F|  |TAMS 0x000000008fa00000| PB 0x000000008fa00000| Untracked |  0
| 197|0x000000008fb00000, 0x000000008fb00000, 0x000000008fc00000|  0%| F|  |TAMS 0x000000008fb00000| PB 0x000000008fb00000| Untracked |  0
| 198|0x000000008fc00000, 0x000000008fc00000, 0x000000008fd00000|  0%| F|  |TAMS 0x000000008fc00000| PB 0x000000008fc00000| Untracked |  0
| 199|0x000000008fd00000, 0x000000008fd00000, 0x000000008fe00000|  0%| F|  |TAMS 0x000000008fd00000| PB 0x000000008fd00000| Untracked |  0
| 200|0x000000008fe00000, 0x000000008fe00000, 0x000000008ff00000|  0%| F|  |TAMS 0x000000008fe00000| PB 0x000000008fe00000| Untracked |  0
| 201|0x000000008ff00000, 0x000000008ff00000, 0x0000000090000000|  0%| F|  |TAMS 0x000000008ff00000| PB 0x000000008ff00000| Untracked |  0
| 202|0x0000000090000000, 0x0000000090000000, 0x0000000090100000|  0%| F|  |TAMS 0x0000000090000000| PB 0x0000000090000000| Untracked |  0
| 203|0x0000000090100000, 0x0000000090100000, 0x0000000090200000|  0%| F|  |TAMS 0x0000000090100000| PB 0x0000000090100000| Untracked |  0
| 204|0x0000000090200000, 0x0000000090200000, 0x0000000090300000|  0%| F|  |TAMS 0x0000000090200000| PB 0x0000000090200000| Untracked |  0
| 205|0x0000000090300000, 0x0000000090300000, 0x0000000090400000|  0%| F|  |TAMS 0x0000000090300000| PB 0x0000000090300000| Untracked |  0
| 206|0x0000000090400000, 0x0000000090400000, 0x0000000090500000|  0%| F|  |TAMS 0x0000000090400000| PB 0x0000000090400000| Untracked |  0
| 207|0x0000000090500000, 0x0000000090500000, 0x0000000090600000|  0%| F|  |TAMS 0x0000000090500000| PB 0x0000000090500000| Untracked |  0
| 208|0x0000000090600000, 0x0000000090600000, 0x0000000090700000|  0%| F|  |TAMS 0x0000000090600000| PB 0x0000000090600000| Untracked |  0
| 209|0x0000000090700000, 0x0000000090700000, 0x0000000090800000|  0%| F|  |TAMS 0x0000000090700000| PB 0x0000000090700000| Untracked |  0
| 210|0x0000000090800000, 0x0000000090800000, 0x0000000090900000|  0%| F|  |TAMS 0x0000000090800000| PB 0x0000000090800000| Untracked |  0
| 211|0x0000000090900000, 0x0000000090900000, 0x0000000090a00000|  0%| F|  |TAMS 0x0000000090900000| PB 0x0000000090900000| Untracked |  0
| 212|0x0000000090a00000, 0x0000000090a00000, 0x0000000090b00000|  0%| F|  |TAMS 0x0000000090a00000| PB 0x0000000090a00000| Untracked |  0
| 213|0x0000000090b00000, 0x0000000090b00000, 0x0000000090c00000|  0%| F|  |TAMS 0x0000000090b00000| PB 0x0000000090b00000| Untracked |  0
| 214|0x0000000090c00000, 0x0000000090c00000, 0x0000000090d00000|  0%| F|  |TAMS 0x0000000090c00000| PB 0x0000000090c00000| Untracked |  0
| 215|0x0000000090d00000, 0x0000000090d00000, 0x0000000090e00000|  0%| F|  |TAMS 0x0000000090d00000| PB 0x0000000090d00000| Untracked |  0
| 216|0x0000000090e00000, 0x0000000090e00000, 0x0000000090f00000|  0%| F|  |TAMS 0x0000000090e00000| PB 0x0000000090e00000| Untracked |  0
| 217|0x0000000090f00000, 0x0000000090f00000, 0x0000000091000000|  0%| F|  |TAMS 0x0000000090f00000| PB 0x0000000090f00000| Untracked |  0
| 218|0x0000000091000000, 0x0000000091000000, 0x0000000091100000|  0%| F|  |TAMS 0x0000000091000000| PB 0x0000000091000000| Untracked |  0
| 219|0x0000000091100000, 0x0000000091100000, 0x0000000091200000|  0%| F|  |TAMS 0x0000000091100000| PB 0x0000000091100000| Untracked |  0
| 220|0x0000000091200000, 0x0000000091200000, 0x0000000091300000|  0%| F|  |TAMS 0x0000000091200000| PB 0x0000000091200000| Untracked |  0
| 221|0x0000000091300000, 0x0000000091300000, 0x0000000091400000|  0%| F|  |TAMS 0x0000000091300000| PB 0x0000000091300000| Untracked |  0
| 222|0x0000000091400000, 0x0000000091400000, 0x0000000091500000|  0%| F|  |TAMS 0x0000000091400000| PB 0x0000000091400000| Untracked |  0
| 223|0x0000000091500000, 0x0000000091500000, 0x0000000091600000|  0%| F|  |TAMS 0x0000000091500000| PB 0x0000000091500000| Untracked |  0
| 224|0x0000000091600000, 0x0000000091600000, 0x0000000091700000|  0%| F|  |TAMS 0x0000000091600000| PB 0x0000000091600000| Untracked |  0
| 225|0x0000000091700000, 0x0000000091700000, 0x0000000091800000|  0%| F|  |TAMS 0x0000000091700000| PB 0x0000000091700000| Untracked |  0
| 226|0x0000000091800000, 0x0000000091800000, 0x0000000091900000|  0%| F|  |TAMS 0x0000000091800000| PB 0x0000000091800000| Untracked |  0
| 227|0x0000000091900000, 0x0000000091900000, 0x0000000091a00000|  0%| F|  |TAMS 0x0000000091900000| PB 0x0000000091900000| Untracked |  0
| 228|0x0000000091a00000, 0x0000000091a00000, 0x0000000091b00000|  0%| F|  |TAMS 0x0000000091a00000| PB 0x0000000091a00000| Untracked |  0
| 229|0x0000000091b00000, 0x0000000091b00000, 0x0000000091c00000|  0%| F|  |TAMS 0x0000000091b00000| PB 0x0000000091b00000| Untracked |  0
| 230|0x0000000091c00000, 0x0000000091c00000, 0x0000000091d00000|  0%| F|  |TAMS 0x0000000091c00000| PB 0x0000000091c00000| Untracked |  0
| 231|0x0000000091d00000, 0x0000000091d00000, 0x0000000091e00000|  0%| F|  |TAMS 0x0000000091d00000| PB 0x0000000091d00000| Untracked |  0
| 232|0x0000000091e00000, 0x0000000091e00000, 0x0000000091f00000|  0%| F|  |TAMS 0x0000000091e00000| PB 0x0000000091e00000| Untracked |  0
| 233|0x0000000091f00000, 0x0000000091f00000, 0x0000000092000000|  0%| F|  |TAMS 0x0000000091f00000| PB 0x0000000091f00000| Untracked |  0
| 234|0x0000000092000000, 0x0000000092000000, 0x0000000092100000|  0%| F|  |TAMS 0x0000000092000000| PB 0x0000000092000000| Untracked |  0
| 235|0x0000000092100000, 0x0000000092100000, 0x0000000092200000|  0%| F|  |TAMS 0x0000000092100000| PB 0x0000000092100000| Untracked |  0
| 236|0x0000000092200000, 0x0000000092200000, 0x0000000092300000|  0%| F|  |TAMS 0x0000000092200000| PB 0x0000000092200000| Untracked |  0
| 237|0x0000000092300000, 0x0000000092300000, 0x0000000092400000|  0%| F|  |TAMS 0x0000000092300000| PB 0x0000000092300000| Untracked |  0
| 238|0x0000000092400000, 0x0000000092400000, 0x0000000092500000|  0%| F|  |TAMS 0x0000000092400000| PB 0x0000000092400000| Untracked |  0
| 239|0x0000000092500000, 0x0000000092500000, 0x0000000092600000|  0%| F|  |TAMS 0x0000000092500000| PB 0x0000000092500000| Untracked |  0
| 240|0x0000000092600000, 0x0000000092600000, 0x0000000092700000|  0%| F|  |TAMS 0x0000000092600000| PB 0x0000000092600000| Untracked |  0
| 241|0x0000000092700000, 0x0000000092700000, 0x0000000092800000|  0%| F|  |TAMS 0x0000000092700000| PB 0x0000000092700000| Untracked |  0
| 242|0x0000000092800000, 0x0000000092800000, 0x0000000092900000|  0%| F|  |TAMS 0x0000000092800000| PB 0x0000000092800000| Untracked |  0
| 243|0x0000000092900000, 0x0000000092900000, 0x0000000092a00000|  0%| F|  |TAMS 0x0000000092900000| PB 0x0000000092900000| Untracked |  0
| 244|0x0000000092a00000, 0x0000000092a00000, 0x0000000092b00000|  0%| F|  |TAMS 0x0000000092a00000| PB 0x0000000092a00000| Untracked |  0
| 245|0x0000000092b00000, 0x0000000092b00000, 0x0000000092c00000|  0%| F|  |TAMS 0x0000000092b00000| PB 0x0000000092b00000| Untracked |  0
| 246|0x0000000092c00000, 0x0000000092c00000, 0x0000000092d00000|  0%| F|  |TAMS 0x0000000092c00000| PB 0x0000000092c00000| Untracked |  0
| 247|0x0000000092d00000, 0x0000000092d00000, 0x0000000092e00000|  0%| F|  |TAMS 0x0000000092d00000| PB 0x0000000092d00000| Untracked |  0
| 248|0x0000000092e00000, 0x0000000092e00000, 0x0000000092f00000|  0%| F|  |TAMS 0x0000000092e00000| PB 0x0000000092e00000| Untracked |  0
| 249|0x0000000092f00000, 0x0000000092f00000, 0x0000000093000000|  0%| F|  |TAMS 0x0000000092f00000| PB 0x0000000092f00000| Untracked |  0
| 250|0x0000000093000000, 0x0000000093000000, 0x0000000093100000|  0%| F|  |TAMS 0x0000000093000000| PB 0x0000000093000000| Untracked |  0
| 251|0x0000000093100000, 0x0000000093100000, 0x0000000093200000|  0%| F|  |TAMS 0x0000000093100000| PB 0x0000000093100000| Untracked |  0
| 252|0x0000000093200000, 0x0000000093200000, 0x0000000093300000|  0%| F|  |TAMS 0x0000000093200000| PB 0x0000000093200000| Untracked |  0
| 253|0x0000000093300000, 0x0000000093300000, 0x0000000093400000|  0%| F|  |TAMS 0x0000000093300000| PB 0x0000000093300000| Untracked |  0
| 254|0x0000000093400000, 0x0000000093400000, 0x0000000093500000|  0%| F|  |TAMS 0x0000000093400000| PB 0x0000000093400000| Untracked |  0
| 255|0x0000000093500000, 0x0000000093500000, 0x0000000093600000|  0%| F|  |TAMS 0x0000000093500000| PB 0x0000000093500000| Untracked |  0
| 256|0x0000000093600000, 0x0000000093600000, 0x0000000093700000|  0%| F|  |TAMS 0x0000000093600000| PB 0x0000000093600000| Untracked |  0
| 257|0x0000000093700000, 0x0000000093700000, 0x0000000093800000|  0%| F|  |TAMS 0x0000000093700000| PB 0x0000000093700000| Untracked |  0
| 258|0x0000000093800000, 0x0000000093800000, 0x0000000093900000|  0%| F|  |TAMS 0x0000000093800000| PB 0x0000000093800000| Untracked |  0
| 259|0x0000000093900000, 0x0000000093900000, 0x0000000093a00000|  0%| F|  |TAMS 0x0000000093900000| PB 0x0000000093900000| Untracked |  0
| 260|0x0000000093a00000, 0x0000000093a00000, 0x0000000093b00000|  0%| F|  |TAMS 0x0000000093a00000| PB 0x0000000093a00000| Untracked |  0
| 261|0x0000000093b00000, 0x0000000093b00000, 0x0000000093c00000|  0%| F|  |TAMS 0x0000000093b00000| PB 0x0000000093b00000| Untracked |  0
| 262|0x0000000093c00000, 0x0000000093c00000, 0x0000000093d00000|  0%| F|  |TAMS 0x0000000093c00000| PB 0x0000000093c00000| Untracked |  0
| 263|0x0000000093d00000, 0x0000000093d00000, 0x0000000093e00000|  0%| F|  |TAMS 0x0000000093d00000| PB 0x0000000093d00000| Untracked |  0
| 264|0x0000000093e00000, 0x0000000093e00000, 0x0000000093f00000|  0%| F|  |TAMS 0x0000000093e00000| PB 0x0000000093e00000| Untracked |  0
| 265|0x0000000093f00000, 0x0000000093f00000, 0x0000000094000000|  0%| F|  |TAMS 0x0000000093f00000| PB 0x0000000093f00000| Untracked |  0
| 266|0x0000000094000000, 0x0000000094000000, 0x0000000094100000|  0%| F|  |TAMS 0x0000000094000000| PB 0x0000000094000000| Untracked |  0
| 267|0x0000000094100000, 0x0000000094100000, 0x0000000094200000|  0%| F|  |TAMS 0x0000000094100000| PB 0x0000000094100000| Untracked |  0
| 268|0x0000000094200000, 0x0000000094200000, 0x0000000094300000|  0%| F|  |TAMS 0x0000000094200000| PB 0x0000000094200000| Untracked |  0
| 269|0x0000000094300000, 0x0000000094300000, 0x0000000094400000|  0%| F|  |TAMS 0x0000000094300000| PB 0x0000000094300000| Untracked |  0
| 270|0x0000000094400000, 0x0000000094400000, 0x0000000094500000|  0%| F|  |TAMS 0x0000000094400000| PB 0x0000000094400000| Untracked |  0
| 271|0x0000000094500000, 0x0000000094500000, 0x0000000094600000|  0%| F|  |TAMS 0x0000000094500000| PB 0x0000000094500000| Untracked |  0
| 272|0x0000000094600000, 0x0000000094600000, 0x0000000094700000|  0%| F|  |TAMS 0x0000000094600000| PB 0x0000000094600000| Untracked |  0
| 273|0x0000000094700000, 0x0000000094700000, 0x0000000094800000|  0%| F|  |TAMS 0x0000000094700000| PB 0x0000000094700000| Untracked |  0
| 274|0x0000000094800000, 0x0000000094800000, 0x0000000094900000|  0%| F|  |TAMS 0x0000000094800000| PB 0x0000000094800000| Untracked |  0
| 275|0x0000000094900000, 0x0000000094900000, 0x0000000094a00000|  0%| F|  |TAMS 0x0000000094900000| PB 0x0000000094900000| Untracked |  0
| 276|0x0000000094a00000, 0x0000000094a00000, 0x0000000094b00000|  0%| F|  |TAMS 0x0000000094a00000| PB 0x0000000094a00000| Untracked |  0
| 277|0x0000000094b00000, 0x0000000094b00000, 0x0000000094c00000|  0%| F|  |TAMS 0x0000000094b00000| PB 0x0000000094b00000| Untracked |  0
| 278|0x0000000094c00000, 0x0000000094c00000, 0x0000000094d00000|  0%| F|  |TAMS 0x0000000094c00000| PB 0x0000000094c00000| Untracked |  0
| 279|0x0000000094d00000, 0x0000000094d00000, 0x0000000094e00000|  0%| F|  |TAMS 0x0000000094d00000| PB 0x0000000094d00000| Untracked |  0
| 280|0x0000000094e00000, 0x0000000094e00000, 0x0000000094f00000|  0%| F|  |TAMS 0x0000000094e00000| PB 0x0000000094e00000| Untracked |  0
| 281|0x0000000094f00000, 0x0000000094f00000, 0x0000000095000000|  0%| F|  |TAMS 0x0000000094f00000| PB 0x0000000094f00000| Untracked |  0
| 282|0x0000000095000000, 0x0000000095000000, 0x0000000095100000|  0%| F|  |TAMS 0x0000000095000000| PB 0x0000000095000000| Untracked |  0
| 283|0x0000000095100000, 0x0000000095100000, 0x0000000095200000|  0%| F|  |TAMS 0x0000000095100000| PB 0x0000000095100000| Untracked |  0
| 284|0x0000000095200000, 0x0000000095200000, 0x0000000095300000|  0%| F|  |TAMS 0x0000000095200000| PB 0x0000000095200000| Untracked |  0
| 285|0x0000000095300000, 0x0000000095300000, 0x0000000095400000|  0%| F|  |TAMS 0x0000000095300000| PB 0x0000000095300000| Untracked |  0
| 286|0x0000000095400000, 0x0000000095500000, 0x0000000095500000|100%| E|  |TAMS 0x0000000095400000| PB 0x0000000095400000| Complete |  0
| 287|0x0000000095500000, 0x0000000095600000, 0x0000000095600000|100%| E|CS|TAMS 0x0000000095500000| PB 0x0000000095500000| Complete |  0
| 288|0x0000000095600000, 0x0000000095700000, 0x0000000095700000|100%| E|CS|TAMS 0x0000000095600000| PB 0x0000000095600000| Complete |  0
| 289|0x0000000095700000, 0x0000000095800000, 0x0000000095800000|100%| E|CS|TAMS 0x0000000095700000| PB 0x0000000095700000| Complete |  0
| 290|0x0000000095800000, 0x0000000095900000, 0x0000000095900000|100%| E|CS|TAMS 0x0000000095800000| PB 0x0000000095800000| Complete |  0
| 291|0x0000000095900000, 0x0000000095a00000, 0x0000000095a00000|100%| E|CS|TAMS 0x0000000095900000| PB 0x0000000095900000| Complete |  0
| 292|0x0000000095a00000, 0x0000000095b00000, 0x0000000095b00000|100%| E|CS|TAMS 0x0000000095a00000| PB 0x0000000095a00000| Complete |  0
| 293|0x0000000095b00000, 0x0000000095c00000, 0x0000000095c00000|100%| E|CS|TAMS 0x0000000095b00000| PB 0x0000000095b00000| Complete |  0
| 294|0x0000000095c00000, 0x0000000095d00000, 0x0000000095d00000|100%| E|CS|TAMS 0x0000000095c00000| PB 0x0000000095c00000| Complete |  0
| 295|0x0000000095d00000, 0x0000000095e00000, 0x0000000095e00000|100%| E|CS|TAMS 0x0000000095d00000| PB 0x0000000095d00000| Complete |  0
| 296|0x0000000095e00000, 0x0000000095f00000, 0x0000000095f00000|100%| E|CS|TAMS 0x0000000095e00000| PB 0x0000000095e00000| Complete |  0
| 297|0x0000000095f00000, 0x0000000096000000, 0x0000000096000000|100%| E|CS|TAMS 0x0000000095f00000| PB 0x0000000095f00000| Complete |  0
| 298|0x0000000096000000, 0x0000000096100000, 0x0000000096100000|100%| E|CS|TAMS 0x0000000096000000| PB 0x0000000096000000| Complete |  0
| 299|0x0000000096100000, 0x0000000096200000, 0x0000000096200000|100%| E|CS|TAMS 0x0000000096100000| PB 0x0000000096100000| Complete |  0
| 300|0x0000000096200000, 0x0000000096300000, 0x0000000096300000|100%| E|CS|TAMS 0x0000000096200000| PB 0x0000000096200000| Complete |  0
| 301|0x0000000096300000, 0x0000000096400000, 0x0000000096400000|100%| E|CS|TAMS 0x0000000096300000| PB 0x0000000096300000| Complete |  0
| 302|0x0000000096400000, 0x0000000096500000, 0x0000000096500000|100%| E|CS|TAMS 0x0000000096400000| PB 0x0000000096400000| Complete |  0
| 303|0x0000000096500000, 0x0000000096600000, 0x0000000096600000|100%| E|CS|TAMS 0x0000000096500000| PB 0x0000000096500000| Complete |  0
| 304|0x0000000096600000, 0x0000000096700000, 0x0000000096700000|100%| E|CS|TAMS 0x0000000096600000| PB 0x0000000096600000| Complete |  0
| 305|0x0000000096700000, 0x0000000096800000, 0x0000000096800000|100%| E|CS|TAMS 0x0000000096700000| PB 0x0000000096700000| Complete |  0
| 306|0x0000000096800000, 0x0000000096900000, 0x0000000096900000|100%| E|CS|TAMS 0x0000000096800000| PB 0x0000000096800000| Complete |  0
| 307|0x0000000096900000, 0x0000000096a00000, 0x0000000096a00000|100%| E|CS|TAMS 0x0000000096900000| PB 0x0000000096900000| Complete |  0
| 308|0x0000000096a00000, 0x0000000096b00000, 0x0000000096b00000|100%| E|CS|TAMS 0x0000000096a00000| PB 0x0000000096a00000| Complete |  0
| 309|0x0000000096b00000, 0x0000000096c00000, 0x0000000096c00000|100%| E|CS|TAMS 0x0000000096b00000| PB 0x0000000096b00000| Complete |  0
| 310|0x0000000096c00000, 0x0000000096d00000, 0x0000000096d00000|100%| E|CS|TAMS 0x0000000096c00000| PB 0x0000000096c00000| Complete |  0
| 311|0x0000000096d00000, 0x0000000096e00000, 0x0000000096e00000|100%| E|CS|TAMS 0x0000000096d00000| PB 0x0000000096d00000| Complete |  0
| 312|0x0000000096e00000, 0x0000000096f00000, 0x0000000096f00000|100%| E|CS|TAMS 0x0000000096e00000| PB 0x0000000096e00000| Complete |  0
| 313|0x0000000096f00000, 0x0000000097000000, 0x0000000097000000|100%| E|CS|TAMS 0x0000000096f00000| PB 0x0000000096f00000| Complete |  0
| 314|0x0000000097000000, 0x0000000097100000, 0x0000000097100000|100%| E|CS|TAMS 0x0000000097000000| PB 0x0000000097000000| Complete |  0
| 315|0x0000000097100000, 0x0000000097200000, 0x0000000097200000|100%| E|CS|TAMS 0x0000000097100000| PB 0x0000000097100000| Complete |  0
| 316|0x0000000097200000, 0x0000000097300000, 0x0000000097300000|100%| E|CS|TAMS 0x0000000097200000| PB 0x0000000097200000| Complete |  0
| 317|0x0000000097300000, 0x0000000097400000, 0x0000000097400000|100%| E|CS|TAMS 0x0000000097300000| PB 0x0000000097300000| Complete |  0
| 318|0x0000000097400000, 0x0000000097500000, 0x0000000097500000|100%| E|CS|TAMS 0x0000000097400000| PB 0x0000000097400000| Complete |  0
| 319|0x0000000097500000, 0x0000000097600000, 0x0000000097600000|100%| E|CS|TAMS 0x0000000097500000| PB 0x0000000097500000| Complete |  0
| 320|0x0000000097600000, 0x0000000097700000, 0x0000000097700000|100%| E|CS|TAMS 0x0000000097600000| PB 0x0000000097600000| Complete |  0
| 321|0x0000000097700000, 0x0000000097800000, 0x0000000097800000|100%| E|CS|TAMS 0x0000000097700000| PB 0x0000000097700000| Complete |  0
| 322|0x0000000097800000, 0x0000000097900000, 0x0000000097900000|100%| E|CS|TAMS 0x0000000097800000| PB 0x0000000097800000| Complete |  0
| 323|0x0000000097900000, 0x0000000097a00000, 0x0000000097a00000|100%| E|CS|TAMS 0x0000000097900000| PB 0x0000000097900000| Complete |  0
| 324|0x0000000097a00000, 0x0000000097b00000, 0x0000000097b00000|100%| E|CS|TAMS 0x0000000097a00000| PB 0x0000000097a00000| Complete |  0
| 325|0x0000000097b00000, 0x0000000097c00000, 0x0000000097c00000|100%| E|CS|TAMS 0x0000000097b00000| PB 0x0000000097b00000| Complete |  0
| 326|0x0000000097c00000, 0x0000000097d00000, 0x0000000097d00000|100%| E|CS|TAMS 0x0000000097c00000| PB 0x0000000097c00000| Complete |  0
| 327|0x0000000097d00000, 0x0000000097e00000, 0x0000000097e00000|100%| E|CS|TAMS 0x0000000097d00000| PB 0x0000000097d00000| Complete |  0
| 328|0x0000000097e00000, 0x0000000097f00000, 0x0000000097f00000|100%| E|CS|TAMS 0x0000000097e00000| PB 0x0000000097e00000| Complete |  0
| 329|0x0000000097f00000, 0x0000000098000000, 0x0000000098000000|100%| E|CS|TAMS 0x0000000097f00000| PB 0x0000000097f00000| Complete |  0
| 330|0x0000000098000000, 0x0000000098100000, 0x0000000098100000|100%| E|CS|TAMS 0x0000000098000000| PB 0x0000000098000000| Complete |  0
| 331|0x0000000098100000, 0x0000000098200000, 0x0000000098200000|100%| E|CS|TAMS 0x0000000098100000| PB 0x0000000098100000| Complete |  0
| 332|0x0000000098200000, 0x0000000098300000, 0x0000000098300000|100%| E|CS|TAMS 0x0000000098200000| PB 0x0000000098200000| Complete |  0
| 333|0x0000000098300000, 0x0000000098400000, 0x0000000098400000|100%| E|CS|TAMS 0x0000000098300000| PB 0x0000000098300000| Complete |  0
| 334|0x0000000098400000, 0x0000000098500000, 0x0000000098500000|100%| E|CS|TAMS 0x0000000098400000| PB 0x0000000098400000| Complete |  0
| 335|0x0000000098500000, 0x0000000098600000, 0x0000000098600000|100%| E|CS|TAMS 0x0000000098500000| PB 0x0000000098500000| Complete |  0
| 336|0x0000000098600000, 0x0000000098700000, 0x0000000098700000|100%| E|CS|TAMS 0x0000000098600000| PB 0x0000000098600000| Complete |  0
| 337|0x0000000098700000, 0x0000000098800000, 0x0000000098800000|100%| E|CS|TAMS 0x0000000098700000| PB 0x0000000098700000| Complete |  0
| 338|0x0000000098800000, 0x0000000098900000, 0x0000000098900000|100%| E|CS|TAMS 0x0000000098800000| PB 0x0000000098800000| Complete |  0
| 339|0x0000000098900000, 0x0000000098a00000, 0x0000000098a00000|100%| E|CS|TAMS 0x0000000098900000| PB 0x0000000098900000| Complete |  0
| 340|0x0000000098a00000, 0x0000000098b00000, 0x0000000098b00000|100%| E|CS|TAMS 0x0000000098a00000| PB 0x0000000098a00000| Complete |  0
| 341|0x0000000098b00000, 0x0000000098c00000, 0x0000000098c00000|100%| E|CS|TAMS 0x0000000098b00000| PB 0x0000000098b00000| Complete |  0
| 342|0x0000000098c00000, 0x0000000098d00000, 0x0000000098d00000|100%| E|CS|TAMS 0x0000000098c00000| PB 0x0000000098c00000| Complete |  0
| 343|0x0000000098d00000, 0x0000000098e00000, 0x0000000098e00000|100%| E|CS|TAMS 0x0000000098d00000| PB 0x0000000098d00000| Complete |  0
| 344|0x0000000098e00000, 0x0000000098f00000, 0x0000000098f00000|100%| E|CS|TAMS 0x0000000098e00000| PB 0x0000000098e00000| Complete |  0
| 345|0x0000000098f00000, 0x0000000099000000, 0x0000000099000000|100%| E|CS|TAMS 0x0000000098f00000| PB 0x0000000098f00000| Complete |  0
| 346|0x0000000099000000, 0x0000000099100000, 0x0000000099100000|100%| E|CS|TAMS 0x0000000099000000| PB 0x0000000099000000| Complete |  0
| 347|0x0000000099100000, 0x0000000099200000, 0x0000000099200000|100%| E|CS|TAMS 0x0000000099100000| PB 0x0000000099100000| Complete |  0
| 348|0x0000000099200000, 0x0000000099300000, 0x0000000099300000|100%| E|CS|TAMS 0x0000000099200000| PB 0x0000000099200000| Complete |  0
| 379|0x000000009b100000, 0x000000009b200000, 0x000000009b200000|100%| E|CS|TAMS 0x000000009b100000| PB 0x000000009b100000| Complete |  0
| 380|0x000000009b200000, 0x000000009b300000, 0x000000009b300000|100%| E|CS|TAMS 0x000000009b200000| PB 0x000000009b200000| Complete |  0
| 381|0x000000009b300000, 0x000000009b400000, 0x000000009b400000|100%| E|CS|TAMS 0x000000009b300000| PB 0x000000009b300000| Complete |  0
| 382|0x000000009b400000, 0x000000009b500000, 0x000000009b500000|100%| E|CS|TAMS 0x000000009b400000| PB 0x000000009b400000| Complete |  0
| 383|0x000000009b500000, 0x000000009b600000, 0x000000009b600000|100%| E|CS|TAMS 0x000000009b500000| PB 0x000000009b500000| Complete |  0
| 384|0x000000009b600000, 0x000000009b700000, 0x000000009b700000|100%| E|CS|TAMS 0x000000009b600000| PB 0x000000009b600000| Complete |  0
| 385|0x000000009b700000, 0x000000009b800000, 0x000000009b800000|100%| E|CS|TAMS 0x000000009b700000| PB 0x000000009b700000| Complete |  0
| 386|0x000000009b800000, 0x000000009b900000, 0x000000009b900000|100%| E|CS|TAMS 0x000000009b800000| PB 0x000000009b800000| Complete |  0
| 387|0x000000009b900000, 0x000000009ba00000, 0x000000009ba00000|100%| E|CS|TAMS 0x000000009b900000| PB 0x000000009b900000| Complete |  0
| 388|0x000000009ba00000, 0x000000009bb00000, 0x000000009bb00000|100%| E|CS|TAMS 0x000000009ba00000| PB 0x000000009ba00000| Complete |  0
| 389|0x000000009bb00000, 0x000000009bc00000, 0x000000009bc00000|100%| E|CS|TAMS 0x000000009bb00000| PB 0x000000009bb00000| Complete |  0
| 390|0x000000009bc00000, 0x000000009bd00000, 0x000000009bd00000|100%| E|CS|TAMS 0x000000009bc00000| PB 0x000000009bc00000| Complete |  0
| 391|0x000000009bd00000, 0x000000009be00000, 0x000000009be00000|100%| E|CS|TAMS 0x000000009bd00000| PB 0x000000009bd00000| Complete |  0
| 392|0x000000009be00000, 0x000000009bf00000, 0x000000009bf00000|100%| E|CS|TAMS 0x000000009be00000| PB 0x000000009be00000| Complete |  0
| 393|0x000000009bf00000, 0x000000009c000000, 0x000000009c000000|100%| E|CS|TAMS 0x000000009bf00000| PB 0x000000009bf00000| Complete |  0
| 394|0x000000009c000000, 0x000000009c100000, 0x000000009c100000|100%| E|CS|TAMS 0x000000009c000000| PB 0x000000009c000000| Complete |  0
| 395|0x000000009c100000, 0x000000009c200000, 0x000000009c200000|100%| E|CS|TAMS 0x000000009c100000| PB 0x000000009c100000| Complete |  0
| 396|0x000000009c200000, 0x000000009c300000, 0x000000009c300000|100%| E|CS|TAMS 0x000000009c200000| PB 0x000000009c200000| Complete |  0
| 397|0x000000009c300000, 0x000000009c400000, 0x000000009c400000|100%| E|CS|TAMS 0x000000009c300000| PB 0x000000009c300000| Complete |  0
| 398|0x000000009c400000, 0x000000009c500000, 0x000000009c500000|100%| E|CS|TAMS 0x000000009c400000| PB 0x000000009c400000| Complete |  0
| 399|0x000000009c500000, 0x000000009c600000, 0x000000009c600000|100%| E|CS|TAMS 0x000000009c500000| PB 0x000000009c500000| Complete |  0
| 400|0x000000009c600000, 0x000000009c700000, 0x000000009c700000|100%| E|CS|TAMS 0x000000009c600000| PB 0x000000009c600000| Complete |  0
| 401|0x000000009c700000, 0x000000009c800000, 0x000000009c800000|100%| E|CS|TAMS 0x000000009c700000| PB 0x000000009c700000| Complete |  0
| 402|0x000000009c800000, 0x000000009c900000, 0x000000009c900000|100%| E|CS|TAMS 0x000000009c800000| PB 0x000000009c800000| Complete |  0
| 403|0x000000009c900000, 0x000000009ca00000, 0x000000009ca00000|100%| E|CS|TAMS 0x000000009c900000| PB 0x000000009c900000| Complete |  0
| 404|0x000000009ca00000, 0x000000009cb00000, 0x000000009cb00000|100%| E|CS|TAMS 0x000000009ca00000| PB 0x000000009ca00000| Complete |  0
| 405|0x000000009cb00000, 0x000000009cc00000, 0x000000009cc00000|100%| E|CS|TAMS 0x000000009cb00000| PB 0x000000009cb00000| Complete |  0
| 406|0x000000009cc00000, 0x000000009cd00000, 0x000000009cd00000|100%| E|CS|TAMS 0x000000009cc00000| PB 0x000000009cc00000| Complete |  0
| 407|0x000000009cd00000, 0x000000009ce00000, 0x000000009ce00000|100%| E|CS|TAMS 0x000000009cd00000| PB 0x000000009cd00000| Complete |  0
| 408|0x000000009ce00000, 0x000000009cf00000, 0x000000009cf00000|100%| E|CS|TAMS 0x000000009ce00000| PB 0x000000009ce00000| Complete |  0
| 409|0x000000009cf00000, 0x000000009d000000, 0x000000009d000000|100%| E|CS|TAMS 0x000000009cf00000| PB 0x000000009cf00000| Complete |  0
| 410|0x000000009d000000, 0x000000009d100000, 0x000000009d100000|100%| E|CS|TAMS 0x000000009d000000| PB 0x000000009d000000| Complete |  0
| 411|0x000000009d100000, 0x000000009d200000, 0x000000009d200000|100%| E|CS|TAMS 0x000000009d100000| PB 0x000000009d100000| Complete |  0
| 412|0x000000009d200000, 0x000000009d300000, 0x000000009d300000|100%| E|CS|TAMS 0x000000009d200000| PB 0x000000009d200000| Complete |  0
| 413|0x000000009d300000, 0x000000009d400000, 0x000000009d400000|100%| E|CS|TAMS 0x000000009d300000| PB 0x000000009d300000| Complete |  0
| 414|0x000000009d400000, 0x000000009d500000, 0x000000009d500000|100%| E|CS|TAMS 0x000000009d400000| PB 0x000000009d400000| Complete |  0
| 415|0x000000009d500000, 0x000000009d600000, 0x000000009d600000|100%| E|CS|TAMS 0x000000009d500000| PB 0x000000009d500000| Complete |  0
| 416|0x000000009d600000, 0x000000009d700000, 0x000000009d700000|100%| E|CS|TAMS 0x000000009d600000| PB 0x000000009d600000| Complete |  0
| 417|0x000000009d700000, 0x000000009d800000, 0x000000009d800000|100%| E|CS|TAMS 0x000000009d700000| PB 0x000000009d700000| Complete |  0
| 418|0x000000009d800000, 0x000000009d900000, 0x000000009d900000|100%| E|CS|TAMS 0x000000009d800000| PB 0x000000009d800000| Complete |  0
| 419|0x000000009d900000, 0x000000009da00000, 0x000000009da00000|100%| E|CS|TAMS 0x000000009d900000| PB 0x000000009d900000| Complete |  0
| 420|0x000000009da00000, 0x000000009db00000, 0x000000009db00000|100%| E|CS|TAMS 0x000000009da00000| PB 0x000000009da00000| Complete |  0
| 421|0x000000009db00000, 0x000000009dc00000, 0x000000009dc00000|100%| E|CS|TAMS 0x000000009db00000| PB 0x000000009db00000| Complete |  0
| 422|0x000000009dc00000, 0x000000009dd00000, 0x000000009dd00000|100%| E|CS|TAMS 0x000000009dc00000| PB 0x000000009dc00000| Complete |  0
| 423|0x000000009dd00000, 0x000000009de00000, 0x000000009de00000|100%| E|CS|TAMS 0x000000009dd00000| PB 0x000000009dd00000| Complete |  0
| 424|0x000000009de00000, 0x000000009df00000, 0x000000009df00000|100%| E|CS|TAMS 0x000000009de00000| PB 0x000000009de00000| Complete |  0
|1984|0x00000000ff600000, 0x00000000ff700000, 0x00000000ff700000|100%| E|CS|TAMS 0x00000000ff600000| PB 0x00000000ff600000| Complete |  0
|1985|0x00000000ff700000, 0x00000000ff800000, 0x00000000ff800000|100%| O|  |TAMS 0x00000000ff700000| PB 0x00000000ff700000| Untracked |  0
|1986|0x00000000ff800000, 0x00000000ff900000, 0x00000000ff900000|100%| E|CS|TAMS 0x00000000ff800000| PB 0x00000000ff800000| Complete |  0
|1988|0x00000000ffa00000, 0x00000000ffb00000, 0x00000000ffb00000|100%| E|CS|TAMS 0x00000000ffa00000| PB 0x00000000ffa00000| Complete |  0
|1989|0x00000000ffb00000, 0x00000000ffc00000, 0x00000000ffc00000|100%| E|CS|TAMS 0x00000000ffb00000| PB 0x00000000ffb00000| Complete |  0
|1990|0x00000000ffc00000, 0x00000000ffd00000, 0x00000000ffd00000|100%| O|  |TAMS 0x00000000ffc00000| PB 0x00000000ffc00000| Untracked |  0
|1991|0x00000000ffd00000, 0x00000000ffe00000, 0x00000000ffe00000|100%| E|CS|TAMS 0x00000000ffd00000| PB 0x00000000ffd00000| Complete |  0
|1992|0x00000000ffe00000, 0x00000000fff00000, 0x00000000fff00000|100%| O|  |TAMS 0x00000000ffe00000| PB 0x00000000ffe00000| Untracked |  0
|1993|0x00000000fff00000, 0x0000000100000000, 0x0000000100000000|100%| E|CS|TAMS 0x00000000fff00000| PB 0x00000000fff00000| Complete |  0

Card table byte_map: [0x0000018b2fb00000,0x0000018b2fef0000] _byte_map_base: 0x0000018b2f6e5000

Marking Bits: (CMBitMap*) 0x0000018b17c8aad0
 Bits: [0x0000018b2fef0000, 0x0000018b31e18000)

Polling page: 0x0000018b15c40000

Metaspace:
Metaspace        used 111732K, committed 112768K, reserved 1179648K
 class space     used 16414K, committed 16896K, reserved 1048576K

Usage:
  Non-class:     93.08 MB used.
      Class:     16.03 MB used.
       Both:    109.11 MB used.

Virtual space:
  Non-class space:      128.00 MB reserved,      93.62 MB ( 73%) committed,  2 nodes.
      Class space:        1.00 GB reserved,      16.50 MB (  2%) committed,  1 nodes.
             Both:        1.12 GB reserved,     110.12 MB ( 10%) committed. 

Chunk freelists:
   Non-Class:  1.85 MB
       Class:  15.48 MB
        Both:  17.33 MB

MaxMetaspaceSize: unlimited
CompressedClassSpaceSize: 1.00 GB
Initial GC threshold: 21.00 MB
Current GC threshold: 182.00 MB
CDS: on
 - commit_granule_bytes: 65536.
 - commit_granule_words: 8192.
 - virtual_space_node_default_size: 8388608.
 - enlarge_chunks_in_place: 1.
UseCompressedClassPointers 1, UseCompactObjectHeaders 0
Narrow klass pointer bits 32, Max shift 3
Narrow klass base: 0x0000000024000000, Narrow klass shift: 0
Encoding Range: [0x0000000024000000 - 0x0000000124000000), (4294967296 bytes)
Klass Range:    [0x0000000024010000 - 0x0000000065000000), (1090453504 bytes)
Klass ID Range:  [65536 - 1090519033) (1090453497)
Protection zone: [0x0000000024000000 - 0x0000000024010000), (65536 bytes)


Internal statistics:

num_allocs_failed_limit: 3.
num_arena_births: 1460.
num_arena_deaths: 0.
num_vsnodes_births: 3.
num_vsnodes_deaths: 0.
num_space_committed: 1762.
num_space_uncommitted: 0.
num_chunks_returned_to_freelist: 3.
num_chunks_taken_from_freelist: 5685.
num_chunk_merges: 3.
num_chunk_splits: 4090.
num_chunks_enlarged: 3305.
num_inconsistent_stats: 0.

CodeHeap 'non-profiled nmethods': size=120064Kb used=9531Kb max_used=9531Kb free=110532Kb
 bounds [0x0000018b281d0000, 0x0000018b28b20000, 0x0000018b2f710000]
CodeHeap 'profiled nmethods': size=120000Kb used=25555Kb max_used=25555Kb free=94444Kb
 bounds [0x0000018b20710000, 0x0000018b22010000, 0x0000018b27c40000]
CodeHeap 'non-nmethods': size=5696Kb used=1918Kb max_used=2074Kb free=3777Kb
 bounds [0x0000018b27c40000, 0x0000018b27eb0000, 0x0000018b281d0000]
CodeCache: size=245760Kb, used=37004Kb, max_used=37160Kb, free=208753Kb
 total_blobs=18249, nmethods=17424, adapters=726, full_count=0
Compilation: enabled, stopped_count=0, restarted_count=0

Compilation events (20 events):
Event: 50.371 Thread 0x0000018b342cebc0 20168       2       org.springframework.core.ResolvableType::forClass (32 bytes)
Event: 50.371 Thread 0x0000018b342cebc0 nmethod 20168 0x0000018b21ff5308 code [0x0000018b21ff5400, 0x0000018b21ff5640]
Event: 50.382 Thread 0x0000018b342c5380 nmethod 19619 0x0000018b28b14108 code [0x0000018b28b14200, 0x0000018b28b14b68]
Event: 50.383 Thread 0x0000018b342c5380 19555       4       jdk.internal.classfile.impl.DirectClassBuilder::constantPool (5 bytes)
Event: 50.383 Thread 0x0000018b342c5380 nmethod 19555 0x0000018b28b14b88 code [0x0000018b28b14c80, 0x0000018b28b14d00]
Event: 50.383 Thread 0x0000018b342c5380 19978       4       java.util.ArrayList::indexOf (11 bytes)
Event: 50.386 Thread 0x0000018b342c5380 nmethod 19978 0x0000018b28b14e88 code [0x0000018b28b14f80, 0x0000018b28b15148]
Event: 50.386 Thread 0x0000018b342c5380 19585       4       jdk.internal.classfile.impl.DirectCodeBuilder::with (9 bytes)
Event: 50.387 Thread 0x0000018b342c5380 nmethod 19585 0x0000018b28b15188 code [0x0000018b28b15280, 0x0000018b28b153c8]
Event: 50.387 Thread 0x0000018b342c5380 19862       4       java.util.Spliterators$IteratorSpliterator::<init> (31 bytes)
Event: 50.387 Thread 0x0000018b342c5380 nmethod 19862 0x0000018b28b15488 code [0x0000018b28b15580, 0x0000018b28b157a0]
Event: 50.387 Thread 0x0000018b342c5380 19865       4       jdk.internal.classfile.impl.BoundAttribute$BoundCodeAttribute::<init> (95 bytes)
Event: 50.390 Thread 0x0000018b342c5380 nmethod 19865 0x0000018b28b15808 code [0x0000018b28b15900, 0x0000018b28b15f78]
Event: 50.390 Thread 0x0000018b342c5380 19753       4       org.springframework.boot.context.properties.source.DefaultPropertyMapper::map (53 bytes)
Event: 50.404 Thread 0x0000018b342c5380 nmethod 19753 0x0000018b28b15f88 code [0x0000018b28b16080, 0x0000018b28b16ab8]
Event: 50.404 Thread 0x0000018b342c5380 20023       4       org.springframework.boot.context.properties.source.SpringIterableConfigurationPropertySource::getConfigurationProperty (91 bytes)
Event: 50.439 Thread 0x0000018b342cebc0 20169       3       org.springframework.context.annotation.AnnotationBeanNameGenerator::determineBeanNameFromAnnotation (300 bytes)
Event: 50.443 Thread 0x0000018b342cebc0 nmethod 20169 0x0000018b21ff5688 code [0x0000018b21ff5780, 0x0000018b21ff9868]
Event: 50.467 Thread 0x0000018b342cebc0 20170       3       org.springframework.beans.factory.support.AbstractBeanDefinition::getPropertyValues (24 bytes)
Event: 50.468 Thread 0x0000018b342cebc0 nmethod 20170 0x0000018b21ff9908 code [0x0000018b21ff9a00, 0x0000018b21ff9db8]

GC Heap Usage History (20 events):
Event: 19.007 {heap Before GC invocations=27 (full 0):
 garbage-first heap   total reserved 2041856K, committed 122880K, used 106889K [0x0000000083600000, 0x0000000100000000)
  region size 1024K, 41 young (41984K), 6 survivors (6144K)
}
Event: 19.041 {heap After GC invocations=28 (full 0):
 garbage-first heap   total reserved 2041856K, committed 129024K, used 84736K [0x0000000083600000, 0x0000000100000000)
  region size 1024K, 6 young (6144K), 6 survivors (6144K)
}
Event: 19.044 {heap Before GC invocations=28 (full 0):
 garbage-first heap   total reserved 2041856K, committed 129024K, used 85760K [0x0000000083600000, 0x0000000100000000)
  region size 1024K, 8 young (8192K), 6 survivors (6144K)
}
Event: 19.052 {heap After GC invocations=29 (full 0):
 garbage-first heap   total reserved 2041856K, committed 129024K, used 86413K [0x0000000083600000, 0x0000000100000000)
  region size 1024K, 2 young (2048K), 2 survivors (2048K)
}
Event: 19.121 {heap Before GC invocations=29 (full 0):
 garbage-first heap   total reserved 2041856K, committed 129024K, used 109965K [0x0000000083600000, 0x0000000100000000)
  region size 1024K, 24 young (24576K), 2 survivors (2048K)
}
Event: 19.131 {heap After GC invocations=30 (full 0):
 garbage-first heap   total reserved 2041856K, committed 129024K, used 92670K [0x0000000083600000, 0x0000000100000000)
  region size 1024K, 3 young (3072K), 3 survivors (3072K)
}
Event: 19.224 {heap Before GC invocations=31 (full 0):
 garbage-first heap   total reserved 2041856K, committed 148480K, used 108030K [0x0000000083600000, 0x0000000100000000)
  region size 1024K, 22 young (22528K), 3 survivors (3072K)
}
Event: 19.240 {heap After GC invocations=32 (full 0):
 garbage-first heap   total reserved 2041856K, committed 445440K, used 96768K [0x0000000083600000, 0x0000000100000000)
  region size 1024K, 3 young (3072K), 3 survivors (3072K)
}
Event: 20.633 {heap Before GC invocations=32 (full 0):
 garbage-first heap   total reserved 2041856K, committed 445440K, used 312832K [0x0000000083600000, 0x0000000100000000)
  region size 1024K, 214 young (219136K), 3 survivors (3072K)
}
Event: 20.668 {heap After GC invocations=33 (full 0):
 garbage-first heap   total reserved 2041856K, committed 445440K, used 128669K [0x0000000083600000, 0x0000000100000000)
  region size 1024K, 27 young (27648K), 27 survivors (27648K)
}
Event: 22.765 {heap Before GC invocations=33 (full 0):
 garbage-first heap   total reserved 2041856K, committed 445440K, used 283293K [0x0000000083600000, 0x0000000100000000)
  region size 1024K, 178 young (182272K), 27 survivors (27648K)
}
Event: 22.805 {heap After GC invocations=34 (full 0):
 garbage-first heap   total reserved 2041856K, committed 445440K, used 132096K [0x0000000083600000, 0x0000000100000000)
  region size 1024K, 11 young (11264K), 11 survivors (11264K)
}
Event: 23.121 {heap Before GC invocations=34 (full 0):
 garbage-first heap   total reserved 2041856K, committed 445440K, used 307200K [0x0000000083600000, 0x0000000100000000)
  region size 1024K, 182 young (186368K), 11 survivors (11264K)
}
Event: 23.130 {heap After GC invocations=35 (full 0):
 garbage-first heap   total reserved 2041856K, committed 445440K, used 129536K [0x0000000083600000, 0x0000000100000000)
  region size 1024K, 8 young (8192K), 8 survivors (8192K)
}
Event: 25.872 {heap Before GC invocations=36 (full 0):
 garbage-first heap   total reserved 2041856K, committed 413696K, used 321024K [0x0000000083600000, 0x0000000100000000)
  region size 1024K, 201 young (205824K), 8 survivors (8192K)
}
Event: 25.887 {heap After GC invocations=37 (full 0):
 garbage-first heap   total reserved 2041856K, committed 413696K, used 130560K [0x0000000083600000, 0x0000000100000000)
  region size 1024K, 15 young (15360K), 15 survivors (15360K)
}
Event: 42.914 {heap Before GC invocations=37 (full 0):
 garbage-first heap   total reserved 2041856K, committed 413696K, used 323072K [0x0000000083600000, 0x0000000100000000)
  region size 1024K, 201 young (205824K), 15 survivors (15360K)
}
Event: 42.937 {heap After GC invocations=38 (full 0):
 garbage-first heap   total reserved 2041856K, committed 413696K, used 130770K [0x0000000083600000, 0x0000000100000000)
  region size 1024K, 24 young (24576K), 24 survivors (24576K)
}
Event: 46.519 {heap Before GC invocations=38 (full 0):
 garbage-first heap   total reserved 2041856K, committed 413696K, used 328402K [0x0000000083600000, 0x0000000100000000)
  region size 1024K, 217 young (222208K), 24 survivors (24576K)
}
Event: 46.548 {heap After GC invocations=39 (full 0):
 garbage-first heap   total reserved 2041856K, committed 413696K, used 147803K [0x0000000083600000, 0x0000000100000000)
  region size 1024K, 28 young (28672K), 28 survivors (28672K)
}

Metaspace Usage History (20 events):
Event: 19.007 {metaspace Before GC invocations=27 (full 0):
 Metaspace       used 78306K, committed 78912K, reserved 1179648K
  class space    used 11434K, committed 11712K, reserved 1048576K
}
Event: 19.041 {metaspace After GC invocations=28 (full 0):
 Metaspace       used 78306K, committed 78912K, reserved 1179648K
  class space    used 11434K, committed 11712K, reserved 1048576K
}
Event: 19.044 {metaspace Before GC invocations=28 (full 0):
 Metaspace       used 78306K, committed 78912K, reserved 1179648K
  class space    used 11434K, committed 11712K, reserved 1048576K
}
Event: 19.052 {metaspace After GC invocations=29 (full 0):
 Metaspace       used 78306K, committed 78912K, reserved 1179648K
  class space    used 11434K, committed 11712K, reserved 1048576K
}
Event: 19.121 {metaspace Before GC invocations=29 (full 0):
 Metaspace       used 78306K, committed 78912K, reserved 1179648K
  class space    used 11434K, committed 11712K, reserved 1048576K
}
Event: 19.131 {metaspace After GC invocations=30 (full 0):
 Metaspace       used 78306K, committed 78912K, reserved 1179648K
  class space    used 11434K, committed 11712K, reserved 1048576K
}
Event: 19.224 {metaspace Before GC invocations=31 (full 0):
 Metaspace       used 78306K, committed 78912K, reserved 1179648K
  class space    used 11434K, committed 11712K, reserved 1048576K
}
Event: 19.240 {metaspace After GC invocations=32 (full 0):
 Metaspace       used 78306K, committed 78912K, reserved 1179648K
  class space    used 11434K, committed 11712K, reserved 1048576K
}
Event: 20.633 {metaspace Before GC invocations=32 (full 0):
 Metaspace       used 83050K, committed 83584K, reserved 1179648K
  class space    used 12475K, committed 12736K, reserved 1048576K
}
Event: 20.668 {metaspace After GC invocations=33 (full 0):
 Metaspace       used 83050K, committed 83584K, reserved 1179648K
  class space    used 12475K, committed 12736K, reserved 1048576K
}
Event: 22.765 {metaspace Before GC invocations=33 (full 0):
 Metaspace       used 84759K, committed 85312K, reserved 1179648K
  class space    used 12723K, committed 12992K, reserved 1048576K
}
Event: 22.805 {metaspace After GC invocations=34 (full 0):
 Metaspace       used 84759K, committed 85312K, reserved 1179648K
  class space    used 12723K, committed 12992K, reserved 1048576K
}
Event: 23.121 {metaspace Before GC invocations=34 (full 0):
 Metaspace       used 84928K, committed 85504K, reserved 1179648K
  class space    used 12740K, committed 12992K, reserved 1048576K
}
Event: 23.130 {metaspace After GC invocations=35 (full 0):
 Metaspace       used 84928K, committed 85504K, reserved 1179648K
  class space    used 12740K, committed 12992K, reserved 1048576K
}
Event: 25.872 {metaspace Before GC invocations=36 (full 0):
 Metaspace       used 89847K, committed 90496K, reserved 1179648K
  class space    used 13279K, committed 13568K, reserved 1048576K
}
Event: 25.887 {metaspace After GC invocations=37 (full 0):
 Metaspace       used 89847K, committed 90496K, reserved 1179648K
  class space    used 13279K, committed 13568K, reserved 1048576K
}
Event: 42.914 {metaspace Before GC invocations=37 (full 0):
 Metaspace       used 109102K, committed 110016K, reserved 1179648K
  class space    used 16155K, committed 16576K, reserved 1048576K
}
Event: 42.937 {metaspace After GC invocations=38 (full 0):
 Metaspace       used 109102K, committed 110016K, reserved 1179648K
  class space    used 16155K, committed 16576K, reserved 1048576K
}
Event: 46.519 {metaspace Before GC invocations=38 (full 0):
 Metaspace       used 110922K, committed 111808K, reserved 1179648K
  class space    used 16348K, committed 16768K, reserved 1048576K
}
Event: 46.548 {metaspace After GC invocations=39 (full 0):
 Metaspace       used 110922K, committed 111808K, reserved 1179648K
  class space    used 16348K, committed 16768K, reserved 1048576K
}

Dll operation events (12 events):
Event: 0.014 Loaded shared library C:\Program Files\Eclipse Adoptium\jdk-25.0.2.10-hotspot\bin\java.dll
Event: 0.050 Loaded shared library C:\Program Files\Eclipse Adoptium\jdk-25.0.2.10-hotspot\bin\net.dll
Event: 0.054 Loaded shared library C:\Program Files\Eclipse Adoptium\jdk-25.0.2.10-hotspot\bin\nio.dll
Event: 0.059 Loaded shared library C:\Program Files\Eclipse Adoptium\jdk-25.0.2.10-hotspot\bin\zip.dll
Event: 0.132 Loaded shared library C:\Program Files\Eclipse Adoptium\jdk-25.0.2.10-hotspot\bin\management.dll
Event: 0.138 Loaded shared library C:\Program Files\Eclipse Adoptium\jdk-25.0.2.10-hotspot\bin\management_ext.dll
Event: 0.188 Loaded shared library C:\Program Files\Eclipse Adoptium\jdk-25.0.2.10-hotspot\bin\jimage.dll
Event: 5.558 Loaded shared library C:\Program Files\Eclipse Adoptium\jdk-25.0.2.10-hotspot\bin\sunmscapi.dll
Event: 11.834 Loaded shared library C:\Program Files\Eclipse Adoptium\jdk-25.0.2.10-hotspot\bin\extnet.dll
Event: 28.021 Loaded shared library C:\Program Files\Eclipse Adoptium\jdk-25.0.2.10-hotspot\bin\instrument.dll
Event: 28.027 Loaded shared library C:\Program Files\Eclipse Adoptium\jdk-25.0.2.10-hotspot\bin\zip.dll
Event: 28.031 Loaded shared library C:\Program Files\Eclipse Adoptium\jdk-25.0.2.10-hotspot\bin\instrument.dll

Deoptimization events (20 events):
Event: 49.424 Thread 0x0000018b157cefc0 Uncommon trap: trap_request=0xffffffd6 fr.pc=0x0000018b28a94b1c relative=0x000000000000169c
Event: 49.424 Thread 0x0000018b157cefc0 Uncommon trap: reason=array_check action=maybe_recompile pc=0x0000018b28a94b1c method=java.util.TimSort.reverseRange([Ljava/lang/Object;II)V @ 20 c2
Event: 49.424 Thread 0x0000018b157cefc0 DEOPT PACKING pc=0x0000018b28a94b1c sp=0x00000045d12fa7e0
Event: 49.424 Thread 0x0000018b157cefc0 DEOPT UNPACKING pc=0x0000018b27d70802 sp=0x00000045d12fa678 mode 2
Event: 49.473 Thread 0x0000018b157cefc0 Uncommon trap: trap_request=0xffffffd6 fr.pc=0x0000018b28a94b1c relative=0x000000000000169c
Event: 49.473 Thread 0x0000018b157cefc0 Uncommon trap: reason=array_check action=maybe_recompile pc=0x0000018b28a94b1c method=java.util.TimSort.reverseRange([Ljava/lang/Object;II)V @ 20 c2
Event: 49.473 Thread 0x0000018b157cefc0 DEOPT PACKING pc=0x0000018b28a94b1c sp=0x00000045d12fab50
Event: 49.473 Thread 0x0000018b157cefc0 DEOPT UNPACKING pc=0x0000018b27d70802 sp=0x00000045d12fa9e8 mode 2
Event: 49.501 Thread 0x0000018b157cefc0 DEOPT PACKING pc=0x0000018b21e3b1cb sp=0x00000045d12fb5d0
Event: 49.501 Thread 0x0000018b157cefc0 DEOPT UNPACKING pc=0x0000018b27c912a2 sp=0x00000045d12faaf8 mode 0
Event: 49.537 Thread 0x0000018b157cefc0 DEOPT PACKING pc=0x0000018b21eabbe9 sp=0x00000045d12fada0
Event: 49.537 Thread 0x0000018b157cefc0 DEOPT UNPACKING pc=0x0000018b27c912a2 sp=0x00000045d12fa3a8 mode 0
Event: 49.542 Thread 0x0000018b157cefc0 DEOPT PACKING pc=0x0000018b21ce5e61 sp=0x00000045d12fae00
Event: 49.542 Thread 0x0000018b157cefc0 DEOPT UNPACKING pc=0x0000018b27c912a2 sp=0x00000045d12fa290 mode 0
Event: 49.568 Thread 0x0000018b157cefc0 DEOPT PACKING pc=0x0000018b21e3b1cb sp=0x00000045d12fafb0
Event: 49.568 Thread 0x0000018b157cefc0 DEOPT UNPACKING pc=0x0000018b27c912a2 sp=0x00000045d12fa4d8 mode 0
Event: 49.786 Thread 0x0000018b157cefc0 DEOPT PACKING pc=0x0000018b21e3b1cb sp=0x00000045d12fb5b0
Event: 49.786 Thread 0x0000018b157cefc0 DEOPT UNPACKING pc=0x0000018b27c912a2 sp=0x00000045d12faad8 mode 0
Event: 49.955 Thread 0x0000018b157cefc0 DEOPT PACKING pc=0x0000018b21e08639 sp=0x00000045d12fb5c0
Event: 49.955 Thread 0x0000018b157cefc0 DEOPT UNPACKING pc=0x0000018b27c912a2 sp=0x00000045d12faa88 mode 0

Classes loaded (20 events):
Event: 50.153 Loading class org/springframework/instrument/InstrumentationSavingAgent
Event: 50.153 Loading class org/springframework/instrument/InstrumentationSavingAgent done
Event: 50.153 Loading class org/eclipse/persistence/internal/jpa/deployment/JavaSECMPInitializerAgent
Event: 50.153 Loading class org/eclipse/persistence/internal/jpa/deployment/JavaSECMPInitializerAgent done
Event: 50.153 Loading class org/springframework/instrument/InstrumentationSavingAgent
Event: 50.153 Loading class org/springframework/instrument/InstrumentationSavingAgent done
Event: 50.153 Loading class org/eclipse/persistence/internal/jpa/deployment/JavaSECMPInitializerAgent
Event: 50.153 Loading class org/eclipse/persistence/internal/jpa/deployment/JavaSECMPInitializerAgent done
Event: 50.154 Loading class org/springframework/instrument/InstrumentationSavingAgent
Event: 50.154 Loading class org/springframework/instrument/InstrumentationSavingAgent done
Event: 50.154 Loading class org/eclipse/persistence/internal/jpa/deployment/JavaSECMPInitializerAgent
Event: 50.154 Loading class org/eclipse/persistence/internal/jpa/deployment/JavaSECMPInitializerAgent done
Event: 50.154 Loading class org/springframework/instrument/InstrumentationSavingAgent
Event: 50.154 Loading class org/springframework/instrument/InstrumentationSavingAgent done
Event: 50.154 Loading class org/eclipse/persistence/internal/jpa/deployment/JavaSECMPInitializerAgent
Event: 50.154 Loading class org/eclipse/persistence/internal/jpa/deployment/JavaSECMPInitializerAgent done
Event: 50.154 Loading class org/springframework/instrument/InstrumentationSavingAgent
Event: 50.154 Loading class org/springframework/instrument/InstrumentationSavingAgent done
Event: 50.154 Loading class org/eclipse/persistence/internal/jpa/deployment/JavaSECMPInitializerAgent
Event: 50.154 Loading class org/eclipse/persistence/internal/jpa/deployment/JavaSECMPInitializerAgent done

Classes unloaded (0 events):
No events

Classes redefined (4 events):
Event: 44.636 Thread 0x0000018b3429c960 redefined class name=org.springframework.security.crypto.password.AbstractValidatingPasswordEncoder, count=1
Event: 44.640 Thread 0x0000018b3429c960 redefined class name=java.lang.Object, count=1
Event: 44.640 Thread 0x0000018b3429c960 redefined class name=org.springframework.security.crypto.password.PasswordEncoder, count=2
Event: 44.640 Thread 0x0000018b3429c960 redefined class name=org.springframework.security.crypto.bcrypt.BCryptPasswordEncoder, count=3

Internal exceptions (20 events):
Event: 36.937 Thread 0x0000018b157cefc0 Exception <a 'sun/nio/fs/WindowsException'{0x0000000091fef330}> (0x0000000091fef330) 
thrown [s\src\hotspot\share\prims\jni.cpp, line 516]
Event: 36.937 Thread 0x0000018b157cefc0 Exception <a 'sun/nio/fs/WindowsException'{0x0000000091fefcf8}> (0x0000000091fefcf8) 
thrown [s\src\hotspot\share\prims\jni.cpp, line 516]
Event: 36.938 Thread 0x0000018b157cefc0 Exception <a 'sun/nio/fs/WindowsException'{0x0000000091ff06b0}> (0x0000000091ff06b0) 
thrown [s\src\hotspot\share\prims\jni.cpp, line 516]
Event: 36.944 Thread 0x0000018b157cefc0 Exception <a 'sun/nio/fs/WindowsException'{0x0000000091ff2448}> (0x0000000091ff2448) 
thrown [s\src\hotspot\share\prims\jni.cpp, line 516]
Event: 36.949 Thread 0x0000018b157cefc0 Exception <a 'sun/nio/fs/WindowsException'{0x0000000091ff3aa0}> (0x0000000091ff3aa0) 
thrown [s\src\hotspot\share\prims\jni.cpp, line 516]
Event: 36.950 Thread 0x0000018b157cefc0 Exception <a 'sun/nio/fs/WindowsException'{0x0000000091ff4560}> (0x0000000091ff4560) 
thrown [s\src\hotspot\share\prims\jni.cpp, line 516]
Event: 37.012 Thread 0x0000018b157cefc0 Exception <a 'sun/nio/fs/WindowsException'{0x0000000091e12e80}> (0x0000000091e12e80) 
thrown [s\src\hotspot\share\prims\jni.cpp, line 516]
Event: 37.021 Thread 0x0000018b157cefc0 Exception <a 'sun/nio/fs/WindowsException'{0x0000000091e16f70}> (0x0000000091e16f70) 
thrown [s\src\hotspot\share\prims\jni.cpp, line 516]
Event: 37.022 Thread 0x0000018b157cefc0 Exception <a 'sun/nio/fs/WindowsException'{0x0000000091e17940}> (0x0000000091e17940) 
thrown [s\src\hotspot\share\prims\jni.cpp, line 516]
Event: 37.022 Thread 0x0000018b157cefc0 Exception <a 'sun/nio/fs/WindowsException'{0x0000000091e182f8}> (0x0000000091e182f8) 
thrown [s\src\hotspot\share\prims\jni.cpp, line 516]
Event: 37.027 Thread 0x0000018b157cefc0 Exception <a 'sun/nio/fs/WindowsException'{0x0000000091e1a0d0}> (0x0000000091e1a0d0) 
thrown [s\src\hotspot\share\prims\jni.cpp, line 516]
Event: 42.948 Thread 0x0000018b3434d140 Exception <a 'java/lang/NoSuchMethodError'{0x00000000fffb79e8}: 'long java.lang.invoke.DirectMethodHandle$Holder.invokeStatic(java.lang.Object, java.lang.Object, java.lang.Object)'> (0x00000000fffb79e8) 
thrown [s\src\hotspot\share\interpreter\linkResolver.cpp, line 804]
Event: 43.434 Thread 0x0000018b157cefc0 Implicit null exception at 0x0000018b283cab9a to 0x0000018b283cac0c
Event: 43.558 Thread 0x0000018b157cefc0 Implicit null exception at 0x0000018b28404505 to 0x0000018b2840d180
Event: 44.463 Thread 0x0000018b157cefc0 Exception <a 'java/lang/NoSuchMethodError'{0x00000000964c2d30}: 'void java.lang.invoke.DirectMethodHandle$Holder.invokeSpecial(java.lang.Object, java.lang.Object, java.lang.Object, java.lang.Object, java.lang.Object, java.lang.Object, java.lang.Object, java.lang.Object, java.lang.Object)'> (0x00000000964c2d30) 
thrown [s\src\hotspot\share\interpreter\linkResolver.cpp, line 804]
Event: 44.463 Thread 0x0000018b157cefc0 Exception <a 'java/lang/NoSuchMethodError'{0x00000000964cc770}: 'void java.lang.invoke.DelegatingMethodHandle$Holder.reinvoke_L(java.lang.Object, java.lang.Object, java.lang.Object, java.lang.Object, java.lang.Object, java.lang.Object, java.lang.Object, java.lang.Object)'> (0x00000000964cc770) 
thrown [s\src\hotspot\share\interpreter\linkResolver.cpp, line 804]
Event: 44.753 Thread 0x0000018b157cefc0 Exception <a 'java/lang/NoSuchMethodError'{0x0000000096032a78}: 'java.lang.Object java.lang.invoke.Invokers$Holder.invoker(java.lang.Object, java.lang.Object)'> (0x0000000096032a78) 
thrown [s\src\hotspot\share\interpreter\linkResolver.cpp, line 804]
Event: 44.894 Thread 0x0000018b157cefc0 Exception <a 'sun/nio/fs/WindowsException'{0x0000000095fac760}> (0x0000000095fac760) 
thrown [s\src\hotspot\share\prims\jni.cpp, line 516]
Event: 45.053 Thread 0x0000018b157cefc0 Exception <a 'java/lang/IncompatibleClassChangeError'{0x0000000095b66590}: Found class java.lang.Object, but interface was expected> (0x0000000095b66590) 
thrown [s\src\hotspot\share\interpreter\linkResolver.cpp, line 871]
Event: 47.274 Thread 0x0000018b157cefc0 Exception <a 'java/lang/NoSuchMethodError'{0x000000009bd446c0}: 'int java.lang.invoke.DirectMethodHandle$Holder.invokeVirtual(java.lang.Object, java.lang.Object, java.lang.Object, java.lang.Object)'> (0x000000009bd446c0) 
thrown [s\src\hotspot\share\interpreter\linkResolver.cpp, line 804]

VM Operations (20 events):
Event: 44.475 Executing non-safepoint VM operation: HandshakeAllThreads (Deoptimize)
Event: 44.475 Executing non-safepoint VM operation: HandshakeAllThreads (Deoptimize) done
Event: 44.480 Executing non-safepoint VM operation: HandshakeAllThreads (Deoptimize)
Event: 44.480 Executing non-safepoint VM operation: HandshakeAllThreads (Deoptimize) done
Event: 44.494 Executing non-safepoint VM operation: HandshakeAllThreads (Deoptimize)
Event: 44.494 Executing non-safepoint VM operation: HandshakeAllThreads (Deoptimize) done
Event: 44.497 Executing non-safepoint VM operation: HandshakeAllThreads (Deoptimize)
Event: 44.497 Executing non-safepoint VM operation: HandshakeAllThreads (Deoptimize) done
Event: 44.514 Executing non-safepoint VM operation: HandshakeAllThreads (Deoptimize)
Event: 44.514 Executing non-safepoint VM operation: HandshakeAllThreads (Deoptimize) done
Event: 44.599 Executing safepoint VM operation: RedefineClasses
Event: 44.734 Executing safepoint VM operation: RedefineClasses done
Event: 46.519 Executing safepoint VM operation: G1CollectForAllocation (G1 Evacuation Pause)
Event: 46.548 Executing safepoint VM operation: G1CollectForAllocation (G1 Evacuation Pause) done
Event: 46.677 Executing safepoint VM operation: G1PauseRemark
Event: 46.700 Executing safepoint VM operation: G1PauseRemark done
Event: 46.747 Executing safepoint VM operation: G1PauseCleanup
Event: 46.747 Executing safepoint VM operation: G1PauseCleanup done
Event: 48.683 Executing non-safepoint VM operation: HandshakeAllThreads (Deoptimize)
Event: 48.683 Executing non-safepoint VM operation: HandshakeAllThreads (Deoptimize) done

Memory protections (0 events):
No events

Nmethod flushes (20 events):
Event: 46.698 Thread 0x0000018b3429c960 flushing  nmethod 0x0000018b2124bf88
Event: 46.698 Thread 0x0000018b3429c960 flushing  nmethod 0x0000018b2124ca08
Event: 46.698 Thread 0x0000018b3429c960 flushing  nmethod 0x0000018b2124e308
Event: 46.698 Thread 0x0000018b3429c960 flushing  nmethod 0x0000018b2124f408
Event: 46.698 Thread 0x0000018b3429c960 flushing  nmethod 0x0000018b2124fa88
Event: 46.698 Thread 0x0000018b3429c960 flushing  nmethod 0x0000018b21250008
Event: 46.698 Thread 0x0000018b3429c960 flushing  nmethod 0x0000018b21250a08
Event: 46.698 Thread 0x0000018b3429c960 flushing  nmethod 0x0000018b2125f888
Event: 46.698 Thread 0x0000018b3429c960 flushing  nmethod 0x0000018b21260588
Event: 46.698 Thread 0x0000018b3429c960 flushing  nmethod 0x0000018b21260908
Event: 46.698 Thread 0x0000018b3429c960 flushing  nmethod 0x0000018b21260d08
Event: 46.698 Thread 0x0000018b3429c960 flushing  nmethod 0x0000018b21261388
Event: 46.698 Thread 0x0000018b3429c960 flushing  nmethod 0x0000018b21261988
Event: 46.698 Thread 0x0000018b3429c960 flushing  nmethod 0x0000018b21261c88
Event: 46.698 Thread 0x0000018b3429c960 flushing  nmethod 0x0000018b21262108
Event: 46.698 Thread 0x0000018b3429c960 flushing  nmethod 0x0000018b21262488
Event: 46.698 Thread 0x0000018b3429c960 flushing  nmethod 0x0000018b21265588
Event: 46.698 Thread 0x0000018b3429c960 flushing  nmethod 0x0000018b21266608
Event: 46.698 Thread 0x0000018b3429c960 flushing  nmethod 0x0000018b21276288
Event: 46.698 Thread 0x0000018b3429c960 flushing  nmethod 0x0000018b21308888

Events (20 events):
Event: 31.418 Thread 0x0000018b342c5380 Thread added: 0x0000018b3cc28160
Event: 33.828 Thread 0x0000018b3cc28160 Thread exited: 0x0000018b3cc28160
Event: 34.197 Thread 0x0000018b342cebc0 Thread added: 0x0000018b3cc29990
Event: 34.578 Thread 0x0000018b3cc29990 Thread exited: 0x0000018b3cc29990
Event: 42.998 Thread 0x0000018b157cefc0 Thread added: 0x0000018b39a2be60
Event: 42.998 Thread 0x0000018b39a2be60 Thread exited: 0x0000018b39a2be60
Event: 43.005 Thread 0x0000018b157cefc0 Thread added: 0x0000018b39a287b0
Event: 43.007 Thread 0x0000018b39a287b0 Thread exited: 0x0000018b39a287b0
Event: 43.012 Thread 0x0000018b342c5380 Thread added: 0x0000018b3cc28160
Event: 43.573 Thread 0x0000018b157cefc0 Thread added: 0x0000018b39a2c630
Event: 43.674 Thread 0x0000018b39a2c630 Thread added: 0x0000018b39a2aec0
Event: 43.835 Thread 0x0000018b3cc28160 Thread exited: 0x0000018b3cc28160
Event: 43.954 Thread 0x0000018b342cebc0 Thread added: 0x0000018b3cc28160
Event: 44.334 Thread 0x0000018b3cc28160 Thread exited: 0x0000018b3cc28160
Event: 44.404 Thread 0x0000018b342cebc0 Thread added: 0x0000018b3cc28160
Event: 48.535 Thread 0x0000018b3cc28160 Thread exited: 0x0000018b3cc28160
Event: 48.653 Thread 0x0000018b342cebc0 Thread added: 0x0000018b3cc9a080
Event: 49.369 Thread 0x0000018b157cefc0 Thread added: 0x0000018b43cfbd30
Event: 49.410 Thread 0x0000018b43cfbd30 Thread exited: 0x0000018b43cfbd30
Event: 49.581 Thread 0x0000018b39a2aec0 Thread exited: 0x0000018b39a2aec0


Dynamic libraries:
0x00007ff680fb0000 - 0x00007ff680fbe000 	C:\Program Files\Eclipse Adoptium\jdk-25.0.2.10-hotspot\bin\java.exe
0x00007ffde4b80000 - 0x00007ffde4de6000 	C:\WINDOWS\SYSTEM32\ntdll.dll
0x00007ffde32c0000 - 0x00007ffde3389000 	C:\WINDOWS\System32\KERNEL32.DLL
0x00007ffde1e50000 - 0x00007ffde224f000 	C:\WINDOWS\System32\KERNELBASE.dll
0x00007ffddec20000 - 0x00007ffddecbf000 	C:\WINDOWS\SYSTEM32\apphelp.dll
0x00007ffde2260000 - 0x00007ffde23ac000 	C:\WINDOWS\System32\ucrtbase.dll
0x00007ffdada00000 - 0x00007ffdada1e000 	C:\Program Files\Eclipse Adoptium\jdk-25.0.2.10-hotspot\bin\VCRUNTIME140.dll
0x00007ffdaba60000 - 0x00007ffdaba76000 	C:\Program Files\Eclipse Adoptium\jdk-25.0.2.10-hotspot\bin\jli.dll
0x00007ffde3ee0000 - 0x00007ffde40a6000 	C:\WINDOWS\System32\USER32.dll
0x00007ffde23c0000 - 0x00007ffde23e7000 	C:\WINDOWS\System32\win32u.dll
0x00007ffdbf4e0000 - 0x00007ffdbf771000 	C:\WINDOWS\WinSxS\amd64_microsoft.windows.common-controls_6595b64144ccf1df_6.0.26100.8972_none_3e0da176e32f9d4b\COMCTL32.dll
0x00007ffde2bf0000 - 0x00007ffde2c1b000 	C:\WINDOWS\System32\GDI32.dll
0x00007ffde2f90000 - 0x00007ffde3039000 	C:\WINDOWS\System32\msvcrt.dll
0x00007ffde24a0000 - 0x00007ffde25c9000 	C:\WINDOWS\System32\gdi32full.dll
0x00007ffde23f0000 - 0x00007ffde2493000 	C:\WINDOWS\System32\msvcp_win.dll
0x00007ffde3270000 - 0x00007ffde32a2000 	C:\WINDOWS\System32\IMM32.DLL
0x00007ffdc0e00000 - 0x00007ffdc0e0c000 	C:\Program Files\Eclipse Adoptium\jdk-25.0.2.10-hotspot\bin\vcruntime140_1.dll
0x00007ffd7d6e0000 - 0x00007ffd7d76d000 	C:\Program Files\Eclipse Adoptium\jdk-25.0.2.10-hotspot\bin\msvcp140.dll
0x00007ffd2da20000 - 0x00007ffd2e946000 	C:\Program Files\Eclipse Adoptium\jdk-25.0.2.10-hotspot\bin\server\jvm.dll
0x00007ffde2940000 - 0x00007ffde29fc000 	C:\WINDOWS\System32\ADVAPI32.dll
0x00007ffde3e30000 - 0x00007ffde3eda000 	C:\WINDOWS\System32\sechost.dll
0x00007ffde2c20000 - 0x00007ffde2d38000 	C:\WINDOWS\System32\RPCRT4.dll
0x00007ffde28b0000 - 0x00007ffde2932000 	C:\WINDOWS\System32\WS2_32.dll
0x00007ffde1bf0000 - 0x00007ffde1c4e000 	C:\WINDOWS\SYSTEM32\POWRPROF.dll
0x00007ffdca150000 - 0x00007ffdca15b000 	C:\WINDOWS\SYSTEM32\VERSION.dll
0x00007ffdd9940000 - 0x00007ffdd9976000 	C:\WINDOWS\SYSTEM32\WINMM.dll
0x00007ffde1bd0000 - 0x00007ffde1be5000 	C:\WINDOWS\SYSTEM32\UMPDC.dll
0x00007ffde0a60000 - 0x00007ffde0a7b000 	C:\WINDOWS\SYSTEM32\kernel.appcore.dll
0x00007ffdbb8e0000 - 0x00007ffdbb8ea000 	C:\Program Files\Eclipse Adoptium\jdk-25.0.2.10-hotspot\bin\jimage.dll
0x00007ffdbeb20000 - 0x00007ffdbed62000 	C:\WINDOWS\SYSTEM32\DBGHELP.DLL
0x00007ffde4270000 - 0x00007ffde45f5000 	C:\WINDOWS\System32\combase.dll
0x00007ffde2eb0000 - 0x00007ffde2f89000 	C:\WINDOWS\System32\OLEAUT32.dll
0x00007ffdb95d0000 - 0x00007ffdb960b000 	C:\WINDOWS\SYSTEM32\dbgcore.DLL
0x00007ffde25d0000 - 0x00007ffde267c000 	C:\WINDOWS\System32\bcryptPrimitives.dll
0x00007ffdaba40000 - 0x00007ffdaba5e000 	C:\Program Files\Eclipse Adoptium\jdk-25.0.2.10-hotspot\bin\java.dll
0x00007ffde3040000 - 0x00007ffde31d9000 	C:\WINDOWS\System32\ole32.dll
0x00007ffde35b0000 - 0x00007ffde3d38000 	C:\WINDOWS\System32\SHELL32.dll
0x00007ffddf800000 - 0x00007ffde009b000 	C:\WINDOWS\SYSTEM32\windows.storage.dll
0x00007ffde3420000 - 0x00007ffde3519000 	C:\WINDOWS\System32\SHCORE.dll
0x00007ffde2e40000 - 0x00007ffde2ea6000 	C:\WINDOWS\System32\shlwapi.dll
0x00007ffde1cb0000 - 0x00007ffde1cd9000 	C:\WINDOWS\SYSTEM32\profapi.dll
0x00007ffda4640000 - 0x00007ffda4651000 	C:\Program Files\Eclipse Adoptium\jdk-25.0.2.10-hotspot\bin\net.dll
0x00007ffde1030000 - 0x00007ffde109c000 	C:\WINDOWS\system32\mswsock.dll
0x00007ffda43e0000 - 0x00007ffda43f6000 	C:\Program Files\Eclipse Adoptium\jdk-25.0.2.10-hotspot\bin\nio.dll
0x00007ffda43c0000 - 0x00007ffda43d7000 	C:\Program Files\Eclipse Adoptium\jdk-25.0.2.10-hotspot\bin\zip.dll
0x00007ffdba430000 - 0x00007ffdba43a000 	C:\Program Files\Eclipse Adoptium\jdk-25.0.2.10-hotspot\bin\management.dll
0x00007ffdba410000 - 0x00007ffdba41c000 	C:\Program Files\Eclipse Adoptium\jdk-25.0.2.10-hotspot\bin\management_ext.dll
0x00007ffde3d40000 - 0x00007ffde3d48000 	C:\WINDOWS\System32\PSAPI.DLL
0x00007ffdba570000 - 0x00007ffdba57e000 	C:\Program Files\Eclipse Adoptium\jdk-25.0.2.10-hotspot\bin\sunmscapi.dll
0x00007ffde2720000 - 0x00007ffde289e000 	C:\WINDOWS\System32\CRYPT32.dll
0x00007ffde1560000 - 0x00007ffde1590000 	C:\WINDOWS\SYSTEM32\ncrypt.dll
0x00007ffde1510000 - 0x00007ffde154f000 	C:\WINDOWS\SYSTEM32\NTASN1.dll
0x00007ffde1320000 - 0x00007ffde133b000 	C:\WINDOWS\SYSTEM32\CRYPTSP.dll
0x00007ffde09c0000 - 0x00007ffde09f9000 	C:\WINDOWS\system32\rsaenh.dll
0x00007ffde10e0000 - 0x00007ffde1112000 	C:\WINDOWS\SYSTEM32\USERENV.dll
0x00007ffde1c80000 - 0x00007ffde1caa000 	C:\WINDOWS\SYSTEM32\bcrypt.dll
0x00007ffde1340000 - 0x00007ffde134c000 	C:\WINDOWS\SYSTEM32\CRYPTBASE.dll
0x00007ffde04a0000 - 0x00007ffde04d3000 	C:\WINDOWS\SYSTEM32\IPHLPAPI.DLL
0x00007ffde32b0000 - 0x00007ffde32ba000 	C:\WINDOWS\System32\NSI.dll
0x00007ffde04e0000 - 0x00007ffde0638000 	C:\WINDOWS\SYSTEM32\DNSAPI.dll
0x00007ffde0e30000 - 0x00007ffde0e3d000 	C:\WINDOWS\SYSTEM32\DSPARSE.dll
0x00007ffdc5610000 - 0x00007ffdc561b000 	C:\Windows\System32\rasadhlp.dll
0x00007ffdd4530000 - 0x00007ffdd45b6000 	C:\WINDOWS\System32\fwpuclnt.dll
0x00007ffdbaaa0000 - 0x00007ffdbaaa9000 	C:\Program Files\Eclipse Adoptium\jdk-25.0.2.10-hotspot\bin\extnet.dll
0x00007ffdba710000 - 0x00007ffdba71f000 	C:\Program Files\Eclipse Adoptium\jdk-25.0.2.10-hotspot\bin\instrument.dll

JVMTI agents:
C:\Users\Ignacio\.m2\repository\net\bytebuddy\byte-buddy-agent\1.18.10\byte-buddy-agent-1.18.10.jar path:C:\Program Files\Eclipse Adoptium\jdk-25.0.2.10-hotspot\bin\instrument.dll, loaded, initialized, dynamic instrumentlib options:none

dbghelp: loaded successfully - version: 4.0.5 - missing functions: none
symbol engine: initialized successfully - sym options: 0x614 - pdb path: .;C:\Program Files\Eclipse Adoptium\jdk-25.0.2.10-hotspot\bin;C:\WINDOWS\SYSTEM32;C:\WINDOWS\WinSxS\amd64_microsoft.windows.common-controls_6595b64144ccf1df_6.0.26100.8972_none_3e0da176e32f9d4b;C:\Program Files\Eclipse Adoptium\jdk-25.0.2.10-hotspot\bin\server

VM Arguments:
java_command: C:\Users\Ignacio\AppData\Local\Temp\surefire16574951747144236547\surefirebooter-20260828180445217_3.jar C:\Users\Ignacio\AppData\Local\Temp\surefire16574951747144236547 2026-08-28T18-04-44_832-jvmRun1 surefire-20260828180445217_1tmp surefire_0-20260828180445217_2tmp
java_class_path (initial): C:\Users\Ignacio\AppData\Local\Temp\surefire16574951747144236547\surefirebooter-20260828180445217_3.jar
Launcher Type: SUN_STANDARD

[Global flags]
     intx CICompilerCount                          = 3                                         {product} {ergonomic}
     uint ConcGCThreads                            = 1                                         {product} {ergonomic}
     uint G1ConcRefinementThreads                  = 4                                         {product} {ergonomic}
   size_t G1HeapRegionSize                         = 1048576                                   {product} {ergonomic}
   size_t InitialHeapSize                          = 132120576                                 {product} {ergonomic}
   size_t MarkStackSize                            = 4194304                                   {product} {ergonomic}
   size_t MarkStackSizeMax                         = 536870912                                 {product} {ergonomic}
   size_t MaxHeapSize                              = 2090860544                                {product} {ergonomic}
   size_t MaxNewSize                               = 1254096896                                {product} {ergonomic}
   size_t MinHeapDeltaBytes                        = 1048576                                   {product} {ergonomic}
   size_t MinHeapSize                              = 8388608                                   {product} {ergonomic}
    uintx NonNMethodCodeHeapSize                   = 5832704                                {pd product} {ergonomic}
    uintx NonProfiledCodeHeapSize                  = 122945536                              {pd product} {ergonomic}
    uintx ProfiledCodeHeapSize                     = 122880000                              {pd product} {ergonomic}
    uintx ReservedCodeCacheSize                    = 251658240                              {pd product} {ergonomic}
     bool SegmentedCodeCache                       = true                                      {product} {ergonomic}
   size_t SoftMaxHeapSize                          = 2090860544                             {manageable} {ergonomic}
     bool UseCompressedOops                        = true                           {product lp64_product} {ergonomic}
     bool UseG1GC                                  = true                                      {product} {ergonomic}
     bool UseLargePagesIndividualAllocation        = false                                  {pd product} {ergonomic}

Logging:
Log output configuration:
 #0: stdout all=warning uptime,level,tags foldmultilines=false
 #1: stderr all=off uptime,level,tags foldmultilines=false

Release file:
IMPLEMENTOR="Eclipse Adoptium" 
IMPLEMENTOR_VERSION="Temurin-25.0.2+10" 
JAVA_RUNTIME_VERSION="25.0.2+10-LTS" 
JAVA_VERSION="25.0.2" 
JAVA_VERSION_DATE="2026-01-20" 
LIBC="default" 
MODULES="java.base java.compiler java.datatransfer java.xml java.prefs java.desktop java.instrument java.logging java.management java.security.sasl java.naming java.rmi java.management.rmi java.net.http java.scripting java.security.jgss java.transaction.xa java.sql java.sql.rowset java.xml.crypto java.se java.smartcardio jdk.accessibility jdk.internal.jvmstat jdk.attach jdk.charsets jdk.internal.opt jdk.zipfs jdk.compiler jdk.crypto.cryptoki jdk.crypto.ec jdk.crypto.mscapi jdk.dynalink jdk.internal.ed jdk.editpad jdk.internal.vm.ci jdk.graal.compiler jdk.graal.compiler.management jdk.hotspot.agent jdk.httpserver jdk.incubator.vector jdk.internal.le jdk.internal.md jdk.jartool jdk.javadoc jdk.jcmd jdk.management jdk.management.agent jdk.jconsole jdk.jdeps jdk.jdwp.agent jdk.jdi jdk.jfr jdk.jlink jdk.jpackage jdk.jshell jdk.jsobject jdk.jstatd jdk.localedata jdk.management.jfr jdk.naming.dns jdk.naming.rmi jdk.net jdk.nio.mapmode jdk.sctp jdk.security.auth jdk.security.jgss jdk.unsupported jdk.unsupported.desktop jdk.xml.dom" 
OS_ARCH="x86_64" 
OS_NAME="Windows" 
SOURCE=".:git:9e3c947043a4" 
BUILD_SOURCE="git:458965074606f027bd5afce2cfd5c1055dea0438"
BUILD_SOURCE_REPO="https://github.com/adoptium/temurin-build.git"
SOURCE_REPO="https://github.com/adoptium/jdk25u.git"
FULL_VERSION="25.0.2+10-LTS"
SEMANTIC_VERSION="25.0.2+10"
BUILD_INFO="OS: Windows Server 2022 Version: 10.0"
JVM_VARIANT="Hotspot"
JVM_VERSION="25.0.2+10-LTS"
IMAGE_TYPE="JDK"

Environment Variables:
JAVA_HOME=C:/Program Files/Eclipse Adoptium/jdk-25.0.2.10-hotspot
PATH=C:\Users\Ignacio\bin;C:\Program Files\Git\mingw64\bin;C:\Program Files\Git\usr\local\bin;C:\Program Files\Git\usr\bin;C:\Program Files\Git\usr\bin;C:\Program Files\Git\mingw64\bin;C:\Program Files\Git\usr\bin;C:\Users\Ignacio\bin;C:\Program Files\Eclipse Adoptium\jdk-25.0.2.10-hotspot\bin;C:\WINDOWS\system32;C:\WINDOWS;C:\WINDOWS\System32\Wbem;C:\WINDOWS\System32\WindowsPowerShell\v1.0;C:\WINDOWS\System32\OpenSSH;C:\Program Files (x86)\Microsoft SQL Server\160\Tools\Binn;C:\Program Files\Microsoft SQL Server\160\Tools\Binn;C:\Program Files\Microsoft SQL Server\Client SDK\ODBC\170\Tools\Binn;C:\Program Files\Microsoft SQL Server\160\DTS\Binn;C:\Program Files\Docker\Docker\resources\bin;C:\Program Files\PuTTY;C:\Program Files\Git\cmd;C:\Users\Ignacio\AppData\Roaming\npm;C:\Program Files\nodejs;C:\Users\Ignacio\Downloads\ffmpeg-master-latest-win64-gpl-shared\ffmpeg\bin;C:\Program Files\PowerShell\7;C:\Users\Ignacio\AppData\Local\Muse Hub\lib;C:\Users\Ignacio\AppData\Local\Programs\Python\Python313\Scripts;C:\Users\Ignacio\AppData\Local\Programs\Python\Python313;C:\Users\Ignacio\AppData\Local\Programs\Python\Launcher;C:\Users\Ignacio\AppData\Local\pnpm;C:\Users\Ignacio\AppData\Local\Microsoft\WindowsApps;C:\Users\Ignacio\AppData\Local\Programs\Microsoft VS Code\bin;C:\Users\Ignacio\AppData\Roaming\npm;C:\Program Files\Eclipse Adoptium\jdk-25.0.2.10-hotspot\bin;C:\Users\Ignacio\Downloads\apache-maven-3.9.14-bin\apache-maven-3.9.14\bin;C:\Program Files\Git\usr\bin\vendor_perl;C:\Program Files\Git\usr\bin\core_perl
USERNAME=Ignacio
SHELL=C:\Program Files\Git\usr\bin\bash.exe
TERM=xterm-256color
OS=Windows_NT
PROCESSOR_IDENTIFIER=Intel64 Family 6 Model 140 Stepping 2, GenuineIntel
TMP=C:\Users\Ignacio\AppData\Local\Temp
TEMP=C:\Users\Ignacio\AppData\Local\Temp




Compilation memory statistics disabled.

Periodic native trim disabled

---------------  S Y S T E M  ---------------

OS:
 Windows 11 , 64 bit Build 26100 (10.0.26100.9168)
OS uptime: 16 days 19:14 hours
Hyper-V role detected

CPU: total 4 (initial active 4) (2 cores per cpu, 2 threads per core) family 6 model 140 stepping 2 microcode 0x26, cx8, cmov, fxsr, ht, mmx, 3dnowpref, sse, sse2, sse3, ssse3, sse4.1, sse4.2, popcnt, lzcnt, tsc, tscinvbit, avx, avx2, aes, erms, clmul, bmi1, bmi2, adx, avx512f, avx512dq, avx512cd, avx512bw, avx512vl, sha, fma, vzeroupper, avx512_vpopcntdq, avx512_vpclmulqdq, avx512_vaes, avx512_vnni, clflush, clflushopt, clwb, avx512_vbmi2, avx512_vbmi, hv, rdtscp, rdpid, fsrm, gfni, avx512_bitalg, f16c, cet_ibt, cet_ss, avx512_ifma
Processor Information for the first 4 processors :
  Max Mhz: 2995, Current Mhz: 2995, Mhz Limit: 2995

Memory: 4k page, system-wide physical 7975M (411M free)
TotalPageFile size 32551M (AvailPageFile size 9M)
current process WorkingSet (physical memory assigned to process): 660M, peak: 675M
current process commit charge ("private bytes"): 732M, peak: 760M

vm_info: OpenJDK 64-Bit Server VM (25.0.2+10-LTS) for windows-amd64 JRE (25.0.2+10-LTS), built on 2026-01-20T00:00:00Z with MS VC++ 17.12 (VS2022)

END.
